No,Kode,Nama Perusahaan,Tanggal Pencatatan,Saham,Papan Pencatatan
1,AALI,Astra Agro Lestari Tbk.,09 Des 1997,1.924.688.333,Utama
2,ABBA,Mahaka Media Tbk.,03 Apr 2002,3.935.892.857,Pemantauan Khusus
3,ABDA,Asuransi Bina Dana Arta Tbk.,06 Jul 1989,620.806.680,Pemantauan Khusus
4,ABMM,ABM Investama Tbk.,06 Des 2011,2.753.165.000,Utama
5,ACES,Aspirasi Hidup Indonesia Tbk.,06 Nov 2007,17.150.000.000,Utama
6,ACRO,Samcro Hyosung Adilestari Tbk.,11 Jan 2024,3.469.139.732,Pengembangan
7,ACST,Acset Indonusa Tbk.,24 Jun 2013,12.675.160.000,Pengembangan
8,ADCP,Adhi Commuter Properti Tbk.,21 Mei 2021,22.222.222.200,Pengembangan
9,ADES,Akasha Wira International Tbk.,13 Jun 1994,589.896.800,Pemantauan Khusus
10,ADHI,Adhi Karya (Persero) Tbk.,18 Mar 2004,8.407.608.979,Utama
11,ADMF,Adira Dinamika Multi Finance T,31 Mar 2004,1.000.000.000,Pengembangan
12,ADMG,Polychem Indonesia Tbk,20 Okt 1993,3.889.179.559,Pengembangan
13,ADMR,Adaro Minerals Indonesia Tbk.,03 Jan 2022,40.882.331.500,Utama
14,ADRO,Adaro Energy Indonesia Tbk.,16 Jul 2008,31.985.962.000,Utama
15,AEGS,Anugerah Spareparts Sejahtera ,11 Sep 2023,1.006.012.052,Akselerasi
16,AGAR,Asia Sejahtera Mina Tbk.,02 Des 2019,1.000.000.000,Pengembangan
17,AGII,Samator Indo Gas Tbk.,28 Sep 2016,3.066.660.000,Pengembangan
18,AGRO,Bank Raya Indonesia Tbk.,08 Agt 2003,24.493.093.216,Utama
19,AGRS,Bank IBK Indonesia Tbk.,22 Des 2014,37.366.710.073,Pengembangan
20,AHAP,Asuransi Harta Aman Pratama Tb,14 Sep 1990,4.900.000.000,Pengembangan
21,AIMS,Artha Mahiya Investama Tbk.,20 Jul 2001,220.000.000,Pemantauan Khusus
22,AISA,FKS Food Sejahtera Tbk.,11 Jun 1997,9.311.800.000,Utama
23,AKKU,Anugerah Kagum Karya Utama Tbk,01 Nov 2004,6.449.463.636,Pemantauan Khusus
24,AKPI,Argha Karya Prima Industry Tbk,18 Des 1992,612.248.000,Pengembangan
25,AKRA,AKR Corporindo Tbk.,03 Okt 1994,20.073.474.600,Utama
26,AKSI,Mineral Sumberdaya Mandiri Tbk,13 Jul 2001,720.000.000,Pengembangan
27,ALDO,Alkindo Naratama Tbk.,12 Jul 2011,2.700.713.744,Pengembangan
28,ALII,Ancara Logistics Indonesia Tbk,07 Feb 2024,15.825.800.000,Utama
29,ALKA,Alakasa Industrindo Tbk,12 Jul 1990,507.665.055,Pengembangan
30,ALMI,Alumindo Light Metal Industry ,02 Jan 1997,3.816.000.000,Pemantauan Khusus
31,ALTO,Tri Banyan Tirta Tbk.,10 Jul 2012,2.191.870.558,Pemantauan Khusus
32,AMAG,Asuransi Multi Artha Guna Tbk.,23 Des 2005,5.001.552.516,Pengembangan
33,AMAN,Makmur Berkah Amanda Tbk.,13 Mar 2020,3.873.500.000,Pengembangan
34,AMAR,Bank Amar Indonesia Tbk.,09 Jan 2020,18.197.283.760,Pengembangan
35,AMFG,Asahimas Flat Glass Tbk.,08 Nov 1995,434.000.000,Utama
36,AMIN,Ateliers Mecaniques D Indonesi,10 Des 2015,1.080.000.000,Pengembangan
37,AMMN,Amman Mineral Internasional Tb,07 Jul 2023,72.518.217.656,Utama
38,AMMS,Agung Menjangan Mas Tbk.,04 Agt 2022,1.200.053.972,Akselerasi
39,AMOR,Ashmore Asset Management Indon,14 Jan 2020,2.222.222.400,Pengembangan
40,AMRT,Sumber Alfaria Trijaya Tbk.,15 Jan 2009,41.524.501.700,Utama
41,ANDI,Andira Agro Tbk.,16 Agt 2018,9.350.000.000,Pemantauan Khusus
42,ANJT,Austindo Nusantara Jaya Tbk.,08 Mei 2013,3.354.175.000,Pengembangan
43,ANTM,Aneka Tambang Tbk.,27 Nov 1997,24.030.764.725,Utama
44,APEX,Apexindo Pratama Duta Tbk.,05 Jun 2013,3.546.466.661,Pengembangan
45,APIC,Pacific Strategic Financial Tb,18 Des 2002,11.766.313.488,Pengembangan
46,APII,Arita Prima Indonesia Tbk.,29 Okt 2013,1.075.760.000,Pengembangan
47,APLI,Asiaplast Industries Tbk.,01 Mei 2000,1.362.671.400,Pengembangan
48,APLN,Agung Podomoro Land Tbk.,11 Nov 2010,22.699.326.779,Utama
49,ARCI,Archi Indonesia Tbk.,28 Jun 2021,24.835.000.000,Pengembangan
50,AREA,Dunia Virtual Online Tbk.,01 Apr 2024,2.539.601.000,Pengembangan
51,ARGO,Argo Pantes Tbk,07 Jan 1991,3.174.339.029,Pengembangan
52,ARII,Atlas Resources Tbk.,08 Nov 2011,3.431.000.000,Pengembangan
53,ARKA,Arkha Jayanti Persada Tbk.,10 Jul 2019,2.000.000.000,Pemantauan Khusus
54,ARKO,Arkora Hydro Tbk.,08 Jul 2022,2.928.495.000,Pengembangan
55,ARMY,Armidian Karyatama Tbk.,21 Jun 2017,9.006.250.000,Pemantauan Khusus
56,ARNA,Arwana Citramulia Tbk.,17 Jul 2001,7.341.430.976,Utama
57,ARTA,Arthavest Tbk,05 Nov 2002,446.674.175,Pengembangan
58,ARTI,Ratu Prabu Energi Tbk,30 Apr 2003,7.840.000.000,Pemantauan Khusus
59,ARTO,Bank Jago Tbk.,12 Jan 2016,13.718.448.700,Utama
60,ASBI,Asuransi Bintang Tbk.,29 Nov 1989,348.386.472,Pengembangan
61,ASDM,Asuransi Dayin Mitra Tbk.,15 Des 1989,384.000.000,Pengembangan
62,ASGR,Astra Graphia Tbk.,15 Nov 1989,1.348.780.500,Utama
63,ASHA,Cilacap Samudera Fishing Indus,27 Mei 2022,5.000.000.000,Pemantauan Khusus
64,ASII,Astra International Tbk.,04 Apr 1990,40.483.553.140,Utama
65,ASJT,Asuransi Jasa Tania Tbk.,23 Des 2003,1.400.000.000,Pengembangan
66,ASLC,Autopedia Sukses Lestari Tbk.,25 Jan 2022,12.746.354.780,Pengembangan
67,ASLI,Asri Karya Lestari Tbk.,05 Jan 2024,6.250.000.000,Pengembangan
68,ASMI,Asuransi Maximus Graha Persada,16 Jan 2014,8.958.380.460,Pemantauan Khusus
69,ASPI,Andalan Sakti Primaindo Tbk.,17 Feb 2020,681.823.317,Pengembangan
70,ASRI,Alam Sutera Realty Tbk.,18 Des 2007,19.649.411.888,Utama
71,ASRM,Asuransi Ramayana Tbk.,19 Mar 1990,1.217.135.360,Pengembangan
72,ASSA,Adi Sarana Armada Tbk.,12 Nov 2012,3.691.137.517,Utama
73,ATAP,Trimitra Prawara Goldland Tbk.,11 Des 2020,1.250.000.000,Pengembangan
74,ATIC,Anabatic Technologies Tbk.,08 Jul 2015,2.315.361.355,Pengembangan
75,ATLA,Atlantis Subsea Indonesia Tbk.,16 Apr 2024,6.199.500.000,Pengembangan
76,AUTO,Astra Otoparts Tbk.,15 Jun 1998,4.819.733.000,Utama
77,AVIA,Avia Avian Tbk.,08 Des 2021,61.953.555.600,Utama
78,AWAN,Era Digital Media Tbk.,18 Apr 2023,3.435.000.000,Pengembangan
79,AXIO,Tera Data Indonusa Tbk.,20 Jul 2022,5.840.126.500,Utama
80,AYAM,Janu Putra Sejahtera Tbk.,30 Nov 2023,4.000.000.000,Pengembangan
81,AYLS,Agro Yasa Lestari Tbk.,12 Feb 2020,853.423.236,Pengembangan
82,BABP,Bank MNC Internasional Tbk.,15 Jul 2002,44.014.333.126,Pengembangan
83,BABY,Multitrend Indo Tbk.,07 Sep 2023,2.668.586.400,Pengembangan
84,BACA,Bank Capital Indonesia Tbk.,04 Okt 2007,19.753.494.636,Utama
85,BAIK,Bersama Mencapai Puncak Tbk.,15 Feb 2024,1.125.000.000,Pengembangan
86,BAJA,Saranacentral Bajatama Tbk.,21 Des 2011,1.800.000.000,Pengembangan
87,BALI,Bali Towerindo Sentra Tbk.,13 Mar 2014,3.934.592.500,Utama
88,BANK,Bank Aladin Syariah Tbk.,01 Feb 2021,14.621.932.740,Utama
89,BAPA,Bekasi Asri Pemula Tbk.,14 Jan 2008,661.784.520,Pengembangan
90,BAPI,Bhakti Agung Propertindo Tbk.,16 Sep 2019,5.591.980.103,Pemantauan Khusus
91,BATA,Sepatu Bata Tbk.,24 Mar 1982,1.300.000.000,Pengembangan
92,BATR,Benteng Api Technic Tbk.,10 Jun 2024,3.025.000.000,Pengembangan
93,BAUT,Mitra Angkasa Sejahtera Tbk.,28 Jan 2022,4.800.138.198,Pemantauan Khusus
94,BAYU,Bayu Buana Tbk,30 Okt 1989,353.220.780,Pengembangan
95,BBCA,Bank Central Asia Tbk.,31 Mei 2000,122.042.299.500,Utama
96,BBHI,Allo Bank Indonesia Tbk.,12 Agt 2015,21.512.953.877,Utama
97,BBKP,Bank KB Bukopin Tbk.,10 Jul 2006,185.819.884.852,Utama
98,BBLD,Buana Finance Tbk.,07 Mei 1990,1.645.796.054,Pengembangan
99,BBMD,Bank Mestika Dharma Tbk.,08 Jul 2013,4.049.189.100,Pengembangan
100,BBNI,Bank Negara Indonesia (Persero,25 Nov 1996,36.924.339.786,Utama
101,BBRI,Bank Rakyat Indonesia (Persero,10 Nov 2003,150.043.411.587,Utama
102,BBRM,Pelayaran Nasional Bina Buana ,09 Jan 2013,8.479.490.328,Pengembangan
103,BBSI,Krom Bank Indonesia Tbk.,07 Sep 2020,3.637.976.068,Pengembangan
104,BBSS,Bumi Benowo Sukses Sejahtera T,15 Apr 2020,4.800.016.020,Pengembangan
105,BBTN,Bank Tabungan Negara (Persero),17 Des 2009,13.894.099.969,Utama
106,BBYB,Bank Neo Commerce Tbk.,13 Jan 2015,11.920.114.211,Utama
107,BCAP,MNC Kapital Indonesia Tbk.,08 Jun 2001,42.618.850.927,Pemantauan Khusus
108,BCIC,Bank JTrust Indonesia Tbk.,25 Jun 1997,17.926.071.041,Pengembangan
109,BCIP,Bumi Citra Permai Tbk.,11 Des 2009,1.429.915.525,Pengembangan
110,BDKR,Berdikari Pondasi Perkasa Tbk.,03 Mar 2023,4.725.101.522,Utama
111,BDMN,Bank Danamon Indonesia Tbk.,06 Des 1989,9.675.817.341,Utama
112,BEBS,Berkah Beton Sadaya Tbk.,10 Mar 2021,45.000.000.000,Pemantauan Khusus
113,BEEF,Estika Tata Tiara Tbk.,10 Jan 2019,7.031.371.419,Pengembangan
114,BEER,Jobubu Jarum Minahasa Tbk.,06 Jan 2023,4.000.000.000,Pengembangan
115,BEKS,Bank Pembangunan Daerah Banten,13 Jul 2001,51.351.733.883,Pemantauan Khusus
116,BELI,Global Digital Niaga Tbk.,08 Nov 2022,123.210.496.616,Ekonomi Baru
117,BELL,Trisula Textile Industries Tbk,03 Okt 2017,7.250.000.000,Pengembangan
118,BESS,Batulicin Nusantara Maritim Tb,09 Mar 2020,3.440.455.528,Pengembangan
119,BEST,Bekasi Fajar Industrial Estate,10 Apr 2012,9.647.311.150,Utama
120,BFIN,BFI Finance  Indonesia Tbk.,16 Mei 1990,15.967.115.620,Utama
121,BGTG,Bank Ganesha Tbk.,12 Mei 2016,23.731.287.132,Pengembangan
122,BHAT,Bhakti Multi Artha Tbk.,15 Apr 2020,5.000.000.000,Pengembangan
123,BHIT,MNC Asia Holding Tbk.,24 Nov 1997,86.068.156.705,Pemantauan Khusus
124,BIKA,Binakarya Jaya Abadi Tbk.,14 Jul 2015,592.280.000,Pemantauan Khusus
125,BIKE,Sepeda Bersama Indonesia Tbk.,21 Mar 2022,1.293.916.404,Pengembangan
126,BIMA,Primarindo Asia Infrastructure,30 Agt 1994,608.175.716,Pengembangan
127,BINA,Bank Ina Perdana Tbk.,16 Jan 2014,6.073.369.498,Utama
128,BINO,Perma Plasindo Tbk.,25 Nov 2021,2.175.020.404,Pengembangan
129,BIPI,Astrindo Nusantara Infrastrukt,11 Feb 2010,63.710.196.917,Pengembangan
130,BIPP,Bhuwanatala Indah Permai Tbk.,23 Okt 1995,5.028.669.376,Pemantauan Khusus
131,BIRD,Blue Bird Tbk.,05 Nov 2014,2.502.100.000,Utama
132,BISI,BISI International Tbk.,28 Mei 2007,3.000.000.000,Utama
133,BJBR,Bank Pembangunan Daerah Jawa B,08 Jul 2010,10.416.229.249,Utama
134,BJTM,Bank Pembangunan Daerah Jawa T,12 Jul 2012,14.865.343.101,Utama
135,BKDP,Bukit Darmo Property Tbk,15 Jun 2007,7.513.992.252,Pengembangan
136,BKSL,Sentul City Tbk.,28 Jul 1997,167.708.902.705,Pemantauan Khusus
137,BKSW,Bank QNB Indonesia Tbk.,21 Nov 2002,34.953.681.505,Pemantauan Khusus
138,BLES,Superior Prima Sukses Tbk.,08 Jul 2024,8.890.206.400,Utama
139,BLTA,Berlian Laju Tanker Tbk,26 Mar 1990,25.940.187.103,Pemantauan Khusus
140,BLTZ,Graha Layar Prima Tbk.,10 Apr 2014,873.937.142,Pengembangan
141,BLUE,Berkah Prima Perkasa Tbk.,08 Jul 2019,418.000.000,Pengembangan
142,BMAS,Bank Maspion Indonesia Tbk.,11 Jul 2013,17.921.635.680,Pengembangan
143,BMBL,Lavender Bina Cendikia Tbk.,11 Jan 2023,1.030.080.995,Akselerasi
144,BMHS,Bundamedik Tbk.,06 Jul 2021,8.603.416.176,Utama
145,BMRI,Bank Mandiri (Persero) Tbk.,14 Jul 2003,92.399.999.996,Utama
146,BMSR,Bintang Mitra Semestaraya Tbk,29 Des 1999,1.159.200.024,Pengembangan
147,BMTR,Global Mediacom Tbk.,17 Jul 1995,16.583.997.586,Utama
148,BNBA,Bank Bumi Arta Tbk.,01 Jun 2006,3.354.120.000,Pengembangan
149,BNBR,Bakrie & Brothers Tbk,28 Agt 1989,160.057.457.509,Pemantauan Khusus
150,BNGA,Bank CIMB Niaga Tbk.,29 Nov 1989,24.890.783.784,Utama
151,BNII,Bank Maybank Indonesia Tbk.,21 Nov 1989,75.357.433.911,Utama
152,BNLI,Bank Permata Tbk.,15 Jan 1990,35.819.545.925,Pengembangan
153,BOBA,Formosa Ingredient Factory Tbk,01 Nov 2021,1.155.750.000,Pengembangan
154,BOGA,Bintang Oto Global Tbk.,19 Des 2016,3.803.526.210,Pengembangan
155,BOLA,Bali Bintang Sejahtera Tbk.,17 Jun 2019,6.000.000.000,Utama
156,BOLT,Garuda Metalindo Tbk.,07 Jul 2015,2.343.750.000,Pengembangan
157,BOSS,Borneo Olah Sarana Sukses Tbk.,15 Feb 2018,1.400.000.000,Pemantauan Khusus
158,BPFI,Woori Finance Indonesia Tbk.,01 Jun 2009,2.673.995.362,Pengembangan
159,BPII,Batavia Prosperindo Internasio,08 Jul 2014,10.309.973.240,Pengembangan
160,BPTR,Batavia Prosperindo Trans Tbk.,09 Jul 2018,3.534.000.000,Pengembangan
161,BRAM,Indo Kordsa Tbk.,05 Sep 1990,450.056.980,Pengembangan
162,BREN,Barito Renewables Energy Tbk.,09 Okt 2023,133.786.220.000,Utama
163,BRIS,Bank Syariah Indonesia Tbk.,09 Mei 2018,45.667.877.639,Utama
164,BRMS,Bumi Resources Minerals Tbk.,09 Des 2010,141.784.040.338,Utama
165,BRNA,Berlina Tbk.,06 Nov 1989,979.110.000,Pemantauan Khusus
166,BRPT,Barito Pacific Tbk.,01 Okt 1993,93.747.218.044,Utama
167,BSBK,Wulandari Bangun Laksana Tbk.,08 Nov 2022,25.091.882.375,Utama
168,BSDE,Bumi Serpong Damai Tbk.,06 Jun 2008,21.171.365.812,Utama
169,BSIM,Bank Sinarmas Tbk.,13 Des 2010,19.517.921.842,Utama
170,BSML,Bintang Samudera Mandiri Lines,16 Des 2021,1.850.225.000,Pengembangan
171,BSSR,Baramulti Suksessarana Tbk.,08 Nov 2012,2.616.500.000,Pengembangan
172,BSWD,Bank Of India Indonesia Tbk.,01 Mei 2002,3.651.978.177,Pemantauan Khusus
173,BTEK,Bumi Teknokultura Unggul Tbk,14 Mei 2004,46.277.496.376,Pemantauan Khusus
174,BTEL,Bakrie Telecom Tbk.,03 Feb 2006,36.822.665.755,Pemantauan Khusus
175,BTON,Betonjaya Manunggal Tbk.,18 Jul 2001,720.000.000,Pemantauan Khusus
176,BTPN,Bank BTPN Tbk.,12 Mar 2008,10.536.203.690,Utama
177,BTPS,Bank BTPN Syariah Tbk.,08 Mei 2018,7.626.663.000,Utama
178,BUAH,Segar Kumala Indonesia Tbk.,09 Agt 2022,1.000.000.000,Pengembangan
179,BUDI,Budi Starch & Sweetener Tbk.,08 Mei 1995,4.498.997.362,Utama
180,BUKA,Bukalapak.com Tbk.,06 Agt 2021,103.108.797.367,Ekonomi Baru
181,BUKK,Bukaka Teknik Utama Tbk.,29 Jun 2015,2.640.452.000,Pengembangan
182,BULL,Buana Lintas Lautan Tbk.,23 Mei 2011,14.117.801.449,Pengembangan
183,BUMI,Bumi Resources Tbk.,30 Jul 1990,371.320.705.024,Utama
184,BUVA,Bukit Uluwatu Villa Tbk.,12 Jul 2010,20.590.473.213,Pengembangan
185,BVIC,Bank Victoria International Tb,30 Jun 1999,15.690.045.611,Utama
186,BWPT,Eagle High Plantations Tbk.,27 Okt 2009,31.525.291.000,Utama
187,BYAN,Bayan Resources Tbk.,12 Agt 2008,33.333.335.000,Utama
188,CAKK,Cahayaputra Asa Keramik Tbk.,31 Okt 2018,1.203.300.219,Pengembangan
189,CAMP,Campina Ice Cream Industry Tbk,19 Des 2017,5.885.000.000,Pengembangan
190,CANI,Capitol Nusantara Indonesia Tb,16 Jan 2014,833.440.000,Pemantauan Khusus
191,CARE,Metro Healthcare Indonesia Tbk,13 Mar 2020,33.250.000.000,Pengembangan
192,CARS,Industri dan Perdagangan Bintr,10 Apr 2017,15.000.000.000,Utama
193,CASA,Capital Financial Indonesia Tb,19 Jul 2016,54.476.269.803,Pengembangan
194,CASH,Cashlez Worldwide Indonesia Tb,04 Mei 2020,1.431.125.517,Akselerasi
195,CASS,Cardig Aero Services Tbk.,05 Des 2011,2.086.950.000,Utama
196,CBMF,Cahaya Bintang Medan Tbk.,09 Apr 2020,1.875.000.000,Pemantauan Khusus
197,CBPE,Citra Buana Prasida Tbk.,06 Jan 2023,1.356.250.000,Pengembangan
198,CBRE,Cakra Buana Resources Energi T,09 Jan 2023,4.538.049.712,Pemantauan Khusus
199,CBUT,Citra Borneo Utama Tbk.,08 Nov 2022,3.125.000.000,Utama
200,CCSI,Communication Cable Systems In,18 Jun 2019,1.199.999.998,Pengembangan
201,CEKA,Wilmar Cahaya Indonesia Tbk.,09 Jul 1996,595.000.000,Pengembangan
202,CENT,Centratama Telekomunikasi Indo,01 Nov 2001,31.183.464.900,Pemantauan Khusus
203,CFIN,Clipan Finance Indonesia Tbk.,27 Agt 1990,3.984.520.457,Utama
204,CGAS,Citra Nusantara Gemilang Tbk.,08 Jan 2024,1.771.440.342,Pengembangan
205,CHEM,Chemstar Indonesia Tbk.,08 Jul 2022,1.700.014.594,Pengembangan
206,CHIP,Pelita Teknologi Global Tbk.,08 Feb 2023,806.000.000,Akselerasi
207,CINT,Chitose Internasional Tbk.,27 Jun 2014,1.000.000.000,Pengembangan
208,CITA,Cita Mineral Investindo Tbk.,20 Mar 2002,3.960.361.250,Pemantauan Khusus
209,CITY,Natura City Developments Tbk.,28 Sep 2018,5.405.188.966,Pengembangan
210,CLAY,Citra Putra Realty Tbk.,18 Jan 2019,2.570.000.000,Pemantauan Khusus
211,CLEO,Sariguna Primatirta Tbk.,05 Mei 2017,12.000.000.000,Utama
212,CLPI,Colorpak Indonesia Tbk.,30 Nov 2001,306.338.500,Pengembangan
213,CMNP,Citra Marga Nusaphala Persada ,10 Jan 1995,5.437.189.567,Utama
214,CMNT,Cemindo Gemilang Tbk.,08 Sep 2021,17.125.504.000,Utama
215,CMPP,AirAsia Indonesia Tbk.,08 Des 1994,10.685.124.441,Pemantauan Khusus
216,CMRY,Cisarua Mountain Dairy Tbk.,06 Des 2021,7.934.683.000,Utama
217,CNKO,Exploitasi Energi Indonesia Tb,20 Nov 2001,8.956.361.206,Pemantauan Khusus
218,CNMA,Nusantara Sejahtera Raya Tbk.,02 Agt 2023,83.345.000.000,Utama
219,CNTX,Century Textile Industry Tbk.,22 Mei 1979,70.000.000,Pemantauan Khusus
220,COAL,Black Diamond Resources Tbk.,07 Sep 2022,6.250.000.000,Pemantauan Khusus
221,COCO,Wahana Interfood Nusantara Tbk,20 Mar 2019,889.863.981,Pengembangan
222,COWL,Cowell Development Tbk.,19 Des 2007,4.871.214.021,Pemantauan Khusus
223,CPIN,Charoen Pokphand Indonesia Tbk,18 Mar 1991,16.398.000.000,Utama
224,CPRI,Capri Nusa Satu Properti Tbk.,11 Apr 2019,2.433.379.958,Pemantauan Khusus
225,CPRO,Central Proteina Prima Tbk.,28 Nov 2006,59.572.382.787,Pengembangan
226,CRAB,Toba Surimi Industries Tbk.,10 Agt 2022,1.950.000.000,Pengembangan
227,CRSN,Carsurin Tbk.,10 Jul 2023,2.892.000.000,Pengembangan
228,CSAP,Catur Sentosa Adiprana Tbk.,12 Des 2007,5.683.175.151,Pengembangan
229,CSIS,Cahayasakti Investindo Sukses ,10 Mei 2017,1.307.000.000,Pemantauan Khusus
230,CSMI,Cipta Selera Murni Tbk.,09 Apr 2020,816.061.500,Pemantauan Khusus
231,CSRA,Cisadane Sawit Raya Tbk.,09 Jan 2020,2.050.000.000,Pengembangan
232,CTBN,Citra Tubindo Tbk.,28 Nov 1989,800.371.500,Pemantauan Khusus
233,CTRA,Ciputra Development Tbk.,28 Mar 1994,18.535.695.255,Utama
234,CTTH,Citatah Tbk.,03 Jul 1996,1.230.839.821,Pemantauan Khusus
235,CUAN,Petrindo Jaya Kreasi Tbk.,08 Mar 2023,11.241.890.000,Utama
236,CYBR,ITSEC Asia Tbk.,08 Agt 2023,6.449.574.702,Pengembangan
237,DADA,Diamond Citra Propertindo Tbk.,14 Feb 2020,7.431.530.800,Pemantauan Khusus
238,DART,Duta Anggada Realty Tbk.,08 Mei 1990,3.141.390.962,Pengembangan
239,DATA,Remala Abadi Tbk.,07 Mei 2024,1.375.000.000,Pengembangan
240,DAYA,Duta Intidaya Tbk.,28 Jun 2016,2.420.547.025,Pengembangan
241,DCII,DCI Indonesia Tbk.,06 Jan 2021,2.383.745.900,Pengembangan
242,DEAL,Dewata Freightinternational Tb,11 Nov 2018,1.146.170.959,Pemantauan Khusus
243,DEFI,Danasupra Erapacific Tbk.,06 Jul 2001,687.266.666,Pemantauan Khusus
244,DEPO,Caturkarda Depo Bangunan Tbk.,25 Nov 2021,6.790.000.000,Pengembangan
245,DEWA,Darma Henwa Tbk,26 Sep 2007,21.853.733.792,Utama
246,DEWI,Dewi Shri Farmindo Tbk.,18 Jul 2022,2.000.000.000,Pengembangan
247,DFAM,Dafam Property Indonesia Tbk.,27 Apr 2018,1.899.852.850,Pengembangan
248,DGIK,Nusa Konstruksi Enjiniring Tbk,19 Des 2007,5.541.165.000,Pengembangan
249,DGNS,Diagnos Laboratorium Utama Tbk,15 Jan 2021,1.250.000.000,Pengembangan
250,DIGI,Arkadia Digital Media Tbk.,18 Sep 2018,1.625.000.000,Pemantauan Khusus
251,DILD,Intiland Development Tbk.,04 Sep 1991,10.365.854.185,Utama
252,DIVA,Distribusi Voucher Nusantara T,27 Nov 2018,1.428.571.400,Pengembangan
253,DKFT,Central Omega Resources Tbk.,21 Nov 1997,5.638.246.600,Pengembangan
254,DLTA,Delta Djakarta Tbk.,27 Feb 1984,800.659.050,Utama
255,DMAS,Puradelta Lestari Tbk.,29 Mei 2015,48.198.111.100,Utama
256,DMMX,Digital Mediatama Maxima Tbk.,21 Okt 2019,7.692.307.700,Pengembangan
257,DMND,Diamond Food Indonesia Tbk.,22 Jan 2020,9.468.359.000,Pemantauan Khusus
258,DNAR,Bank Oke Indonesia Tbk.,11 Jul 2014,16.867.292.274,Pengembangan
259,DNET,Indoritel Makmur Internasional,11 Des 2000,14.184.000.000,Pengembangan
260,DOID,Delta Dunia Makmur Tbk.,15 Jun 2001,8.198.788.432,Utama
261,DOOH,Era Media Sejahtera Tbk.,08 Mei 2023,7.737.559.800,Pengembangan
262,DPNS,Duta Pertiwi Nusantara Tbk.,08 Agt 1990,331.129.952,Pengembangan
263,DPUM,Dua Putra Utama Makmur Tbk.,08 Des 2015,4.175.000.000,Pemantauan Khusus
264,DRMA,Dharma Polimetal Tbk.,20 Des 2021,4.705.882.300,Utama
265,DSFI,Dharma Samudera Fishing Indust,24 Mar 2000,1.857.135.500,Pengembangan
266,DSNG,Dharma Satya Nusantara Tbk.,14 Jun 2013,10.599.842.400,Utama
267,DSSA,Dian Swastatika Sentosa Tbk,10 Des 2009,7.705.523.200,Pemantauan Khusus
268,DUCK,Jaya Bersama Indo Tbk.,10 Okt 2018,1.283.330.000,Pemantauan Khusus
269,DUTI,Duta Pertiwi Tbk,02 Nov 1994,1.850.000.000,Pemantauan Khusus
270,DVLA,Darya-Varia Laboratoria Tbk.,11 Nov 1994,1.120.000.000,Pengembangan
271,DWGL,Dwi Guna Laksana Tbk.,13 Des 2017,9.252.820.991,Pengembangan
272,DYAN,Dyandra Media International Tb,25 Mar 2013,4.272.964.279,Pengembangan
273,EAST,Eastparc Hotel Tbk.,09 Jul 2019,4.126.405.336,Pengembangan
274,ECII,Electronic City Indonesia Tbk.,03 Jul 2013,1.334.333.000,Pengembangan
275,EDGE,Indointernet Tbk.,08 Feb 2021,2.020.250.000,Pengembangan
276,EKAD,Ekadharma International Tbk.,14 Agt 1990,3.493.875.000,Pengembangan
277,ELIT,Data Sinergitama Jaya Tbk.,06 Jan 2023,2.031.643.057,Pengembangan
278,ELPI,Pelayaran Nasional Ekalya Purn,08 Agt 2022,7.412.000.000,Utama
279,ELSA,Elnusa Tbk.,06 Feb 2008,7.298.500.000,Utama
280,ELTY,Bakrieland Development Tbk.,30 Okt 1995,43.521.913.019,Pemantauan Khusus
281,EMDE,Megapolitan Developments Tbk.,12 Jan 2011,3.350.000.000,Pengembangan
282,EMTK,Elang Mahkota Teknologi Tbk.,12 Jan 2010,61.316.751.483,Utama
283,ENAK,Champ Resto Indonesia Tbk.,08 Feb 2022,2.166.666.800,Pengembangan
284,ENRG,Energi Mega Persada Tbk.,07 Jun 2004,24.821.230.250,Utama
285,ENVY,Envy Technologies Indonesia Tb,08 Jul 2019,1.800.000.000,Pemantauan Khusus
286,ENZO,Morenzo Abadi Perkasa Tbk.,14 Sep 2020,2.162.547.122,Pemantauan Khusus
287,EPAC,Megalestari Epack Sentosaraya ,01 Jul 2020,3.303.400.000,Pemantauan Khusus
288,EPMT,Enseval Putera Megatrading Tbk,01 Agt 1994,2.708.640.000,Pengembangan
289,ERAA,Erajaya Swasembada Tbk.,14 Des 2011,15.950.000.000,Utama
290,ERAL,Sinar Eka Selaras Tbk.,08 Agt 2023,5.187.500.000,Utama
291,ERTX,Eratex Djaja Tbk.,21 Agt 1990,1.286.539.792,Pengembangan
292,ESIP,Sinergi Inti Plastindo Tbk.,14 Nov 2019,1.109.953.847,Pemantauan Khusus
293,ESSA,ESSA Industries Indonesia Tbk.,01 Feb 2012,17.226.975.700,Utama
294,ESTA,Esta Multi Usaha Tbk.,09 Mar 2020,2.425.354.179,Pengembangan
295,ESTI,Ever Shine Tex Tbk.,13 Okt 1992,2.015.208.720,Pemantauan Khusus
296,ETWA,Eterindo Wahanatama Tbk,16 Mei 1997,4.668.671.400,Pemantauan Khusus
297,EURO,Estee Gold Feet Tbk.,08 Agt 2022,2.548.826.428,Akselerasi
298,EXCL,XL Axiata Tbk.,29 Sep 2005,13.128.430.665,Utama
299,FAPA,FAP Agri Tbk.,04 Jan 2021,3.629.411.800,Pengembangan
300,FAST,Fast Food Indonesia Tbk.,11 Mei 1993,3.990.277.158,Pengembangan
301,FASW,Fajar Surya Wisesa Tbk.,19 Des 1994,2.477.888.787,Pemantauan Khusus
302,FILM,MD Pictures Tbk.,07 Agt 2018,9.511.217.000,Utama
303,FIMP,Fimperkasa Utama Tbk.,09 Apr 2021,400.000.975,Akselerasi
304,FIRE,Alfa Energi Investama Tbk.,09 Jun 2017,1.475.363.179,Pengembangan
305,FISH,FKS Multi Agro Tbk.,18 Jan 2002,480.000.000,Pemantauan Khusus
306,FITT,Hotel Fitra International Tbk.,11 Jun 2019,1.304.272.051,Pengembangan
307,FLMC,Falmaco Nonwoven Industri Tbk.,08 Jul 2021,781.250.000,Akselerasi
308,FMII,Fortune Mate Indonesia Tbk,30 Jun 2000,6.400.000.000,Pengembangan
309,FOLK,Multi Garam Utama Tbk.,07 Agt 2023,3.948.140.759,Pengembangan
310,FOOD,Sentra Food Indonesia Tbk.,08 Jan 2019,650.000.000,Pengembangan
311,FORU,Fortune Indonesia Tbk,17 Jan 2002,465.224.000,Pengembangan
312,FORZ,Forza Land Indonesia Tbk.,28 Apr 2017,1.984.009.887,Pemantauan Khusus
313,FPNI,Lotte Chemical Titan Tbk.,21 Mar 2002,5.566.414.000,Pengembangan
314,FREN,Smartfren Telecom Tbk.,29 Nov 2006,476.703.803.077,Pemantauan Khusus
315,FUJI,Fuji Finance Indonesia Tbk.,09 Jul 2019,1.300.000.000,Pengembangan
316,FUTR,Lini Imaji Kreasi Ekosistem Tb,27 Feb 2023,6.390.020.473,Pemantauan Khusus
317,FWCT,Wijaya Cahaya Timber Tbk.,01 Feb 2023,1.875.000.000,Pengembangan
318,GAMA,Aksara Global Development Tbk.,11 Jul 2012,10.011.027.656,Pemantauan Khusus
319,GDST,Gunawan Dianjaya Steel Tbk.,23 Des 2009,9.242.500.000,Pengembangan
320,GDYR,Goodyear Indonesia Tbk.,22 Des 1980,410.000.000,Pengembangan
321,GEMA,Gema Grahasarana Tbk.,12 Agt 2002,1.600.000.000,Pengembangan
322,GEMS,Golden Energy Mines Tbk.,17 Nov 2011,5.882.353.000,Utama
323,GGRM,Gudang Garam Tbk.,27 Agt 1990,1.924.088.000,Utama
324,GGRP,Gunung Raja Paksi Tbk.,19 Sep 2019,12.111.376.157,Pemantauan Khusus
325,GHON,Gihon Telekomunikasi Indonesia,09 Apr 2018,550.000.000,Pengembangan
326,GIAA,Garuda Indonesia (Persero) Tbk,11 Feb 2011,91.480.783.837,Pemantauan Khusus
327,GJTL,Gajah Tunggal Tbk.,08 Mei 1990,3.484.800.000,Utama
328,GLOB,Globe Kita Terang Tbk.,10 Jul 2012,1.111.112.000,Pemantauan Khusus
329,GLVA,Galva Technologies Tbk.,23 Des 2019,1.500.000.000,Pengembangan
330,GMFI,Garuda Maintenance Facility Ae,10 Okt 2017,28.233.511.500,Pemantauan Khusus
331,GMTD,Gowa Makassar Tourism Developm,11 Des 2000,1.015.380.000,Pengembangan
332,GOLD,Visi Telekomunikasi Infrastruk,07 Jul 2010,1.277.276.000,Pengembangan
333,GOLF,Intra Golflink Resorts Tbk.,08 Jul 2024,19.486.760.000,Utama
334,GOLL,Golden Plantation Tbk.,23 Des 2014,3.665.000.759,Pemantauan Khusus
335,GOOD,Garudafood Putra Putri Jaya Tb,10 Okt 2018,36.897.901.455,Utama
336,GOTO,GoTo Gojek Tokopedia Tbk.,11 Apr 2022,1.201.409.662.836,Ekonomi Baru
337,GPRA,Perdana Gapuraprima Tbk.,10 Okt 2007,4.276.655.336,Pengembangan
338,GPSO,Geoprima Solusi Tbk.,06 Sep 2021,666.741.103,Pengembangan
339,GRIA,Ingria Pratama Capitalindo Tbk,08 Agt 2023,7.375.720.674,Pengembangan
340,GRPH,Griptha Putra Persada Tbk.,17 Jan 2024,1.000.000.000,Pengembangan
341,GRPM,Graha Prima Mentari Tbk.,10 Jul 2023,1.545.055.259,Akselerasi
342,GSMF,Equity Development Investment ,23 Okt 1989,14.230.399.705,Pengembangan
343,GTBO,Garda Tujuh Buana Tbk,09 Jul 2009,2.500.000.000,Pengembangan
344,GTRA,Grahaprima Suksesmandiri Tbk.,30 Mar 2023,1.894.375.000,Pengembangan
345,GTSI,GTS Internasional Tbk.,08 Sep 2021,15.819.142.767,Pemantauan Khusus
346,GULA,Aman Agrindo Tbk.,03 Agt 2022,1.070.362.500,Pengembangan
347,GUNA,Gunanusa Eramandiri Tbk.,09 Jul 2024,2.500.000.000,Pengembangan
348,GWSA,Greenwood Sejahtera Tbk.,23 Des 2011,7.800.760.000,Utama
349,GZCO,Gozco Plantations Tbk.,15 Mei 2008,6.000.000.000,Pengembangan
350,HADE,Himalaya Energi Perkasa Tbk.,12 Apr 2004,2.120.000.000,Pemantauan Khusus
351,HAIS,Hasnur Internasional Shipping ,01 Sep 2021,2.626.250.000,Pengembangan
352,HAJJ,Arsy Buana Travelindo Tbk.,05 Apr 2023,2.290.522.411,Akselerasi
353,HALO,Haloni Jane Tbk.,08 Feb 2023,5.650.011.435,Pengembangan
354,HATM,Habco Trans Maritima Tbk.,26 Jul 2022,7.000.000.000,Utama
355,HBAT,Minahasa Membangun Hebat Tbk.,07 Agt 2023,1.040.740.800,Akselerasi
356,HDFA,Radana Bhaskara Finance Tbk.,10 Mei 2011,6.542.445.783,Pengembangan
357,HDIT,Hensel Davest Indonesia Tbk.,12 Jul 2019,1.524.680.000,Pemantauan Khusus
358,HDTX,Panasia Indo Resources Tbk.,06 Jun 1990,3.601.462.800,Pemantauan Khusus
359,HEAL,Medikaloka Hermina Tbk.,16 Mei 2018,15.365.950.000,Utama
360,HELI,Jaya Trishindo Tbk.,27 Mar 2018,832.862.387,Pengembangan
361,HERO,Hero Supermarket Tbk.,21 Agt 1989,4.183.634.000,Pengembangan
362,HEXA,Hexindo Adiperkasa Tbk.,13 Feb 1995,840.000.000,Utama
363,HILL,Hillcon Tbk.,01 Mar 2023,2.948.300.000,Utama
364,HITS,Humpuss Intermoda Transportasi,15 Des 1997,7.101.084.801,Utama
365,HKMU,HK Metals Utama Tbk.,09 Okt 2018,3.221.750.000,Pemantauan Khusus
366,HMSP,H.M. Sampoerna Tbk.,15 Agt 1990,116.318.076.900,Pengembangan
367,HOKI,Buyung Poetra Sembada Tbk.,22 Jun 2017,9.677.752.680,Utama
368,HOME,Hotel Mandarine Regency Tbk.,17 Jul 2008,22.212.194.782,Pemantauan Khusus
369,HOMI,Grand House Mulia Tbk.,10 Sep 2020,1.575.000.000,Pengembangan
370,HOPE,Harapan Duta Pertiwi Tbk.,24 Mei 2021,2.130.360.203,Pemantauan Khusus
371,HOTL,Saraswati Griya Lestari Tbk.,10 Jan 2013,3.550.001.452,Pemantauan Khusus
372,HRME,Menteng Heritage Realty Tbk.,12 Apr 2019,5.958.750.000,Pemantauan Khusus
373,HRTA,Hartadinata Abadi Tbk.,21 Jun 2017,4.605.262.400,Utama
374,HRUM,Harum Energy Tbk.,06 Okt 2010,13.518.100.000,Utama
375,HUMI,Humpuss Maritim Internasional ,09 Agt 2023,18.046.489.195,Utama
376,HYGN,Ecocare Indo Pasifik Tbk.,13 Feb 2024,2.525.000.000,Pengembangan
377,IATA,MNC Energy Investments Tbk.,13 Sep 2006,25.238.245.448,Pemantauan Khusus
378,IBFN,Intan Baru Prana Tbk.,22 Des 2014,1.517.332.349,Pemantauan Khusus
379,IBOS,Indo Boga Sukses Tbk.,25 Apr 2022,8.065.789.529,Akselerasi
380,IBST,Inti Bangun Sejahtera Tbk.,31 Agt 2012,1.350.904.927,Pemantauan Khusus
381,ICBP,Indofood CBP Sukses Makmur Tbk,07 Okt 2010,11.661.908.000,Utama
382,ICON,Island Concepts Indonesia Tbk.,08 Jul 2005,1.089.750.000,Pemantauan Khusus
383,IDEA,Idea Indonesia Akademi Tbk.,09 Sep 2021,1.062.437.500,Akselerasi
384,IDPR,Indonesia Pondasi Raya Tbk.,10 Des 2015,2.003.000.000,Pengembangan
385,IFII,Indonesia Fibreboard Industry ,10 Des 2019,9.412.000.000,Pengembangan
386,IFSH,Ifishdeco Tbk.,05 Des 2019,2.125.000.000,Pengembangan
387,IGAR,Champion Pacific Indonesia Tbk,05 Nov 1990,972.204.500,Pengembangan
388,IIKP,Inti Agri Resources Tbk,14 Okt 2002,33.600.000.000,Pemantauan Khusus
389,IKAI,Intikeramik Alamasri Industri ,04 Jun 1997,13.305.799.387,Pemantauan Khusus
390,IKAN,Era Mandiri Cemerlang Tbk.,12 Feb 2020,833.333.000,Pemantauan Khusus
391,IKBI,Sumi Indo Kabel Tbk.,21 Jan 1991,1.224.000.000,Pengembangan
392,IKPM,Ikapharmindo Putramas Tbk.,08 Nov 2023,1.684.662.500,Pengembangan
393,IMAS,Indomobil Sukses Internasional,15 Nov 1993,3.994.291.039,Utama
394,IMJS,Indomobil Multi Jasa Tbk.,10 Des 2013,8.654.325.000,Pengembangan
395,IMPC,Impack Pratama Industri Tbk.,17 Des 2014,54.268.500.000,Utama
396,INAF,Indofarma Tbk.,17 Apr 2001,3.099.267.500,Pemantauan Khusus
397,INAI,Indal Aluminium Industry Tbk.,05 Des 1994,633.600.000,Pengembangan
398,INCF,Indo Komoditi Korpora Tbk.,06 Sep 2016,1.438.370.465,Pemantauan Khusus
399,INCI,Intanwijaya Internasional Tbk,24 Jul 1990,207.656.617,Pengembangan
400,INCO,Vale Indonesia Tbk.,16 Mei 1990,10.539.784.534,Utama
401,INDF,Indofood Sukses Makmur Tbk.,14 Jul 1994,8.780.426.500,Utama
402,INDO,Royalindo Investa Wijaya Tbk.,13 Jan 2020,4.382.844.253,Pengembangan
403,INDR,Indo-Rama Synthetics Tbk.,03 Agt 1990,654.351.707,Pengembangan
404,INDS,Indospring Tbk.,10 Agt 1990,6.562.497.100,Pengembangan
405,INDX,Tanah Laut Tbk,17 Mei 2001,437.913.588,Pengembangan
406,INDY,Indika Energy Tbk.,11 Jun 2008,5.210.192.000,Utama
407,INET,Sinergi Inti Andalan Prima Tbk,24 Jul 2023,7.500.043.261,Pengembangan
408,INKP,Indah Kiat Pulp & Paper Tbk.,16 Jul 1990,5.470.982.941,Utama
409,INOV,Inocycle Technology Group Tbk.,10 Jul 2019,1.808.221.900,Pengembangan
410,INPC,Bank Artha Graha Internasional,23 Agt 1990,20.021.178.779,Utama
411,INPP,Indonesian Paradise Property T,12 Jan 2004,11.181.971.732,Pengembangan
412,INPS,Indah Prakasa Sentosa Tbk.,06 Apr 2018,650.000.000,Pengembangan
413,INRU,Toba Pulp Lestari Tbk.,18 Jun 1990,1.388.883.283,Pengembangan
414,INTA,Intraco Penta Tbk.,23 Agt 1993,3.343.935.022,Pemantauan Khusus
415,INTD,Inter Delta Tbk,18 Des 1989,591.828.000,Pengembangan
416,INTP,Indocement Tunggal Prakarsa Tb,05 Des 1989,3.681.231.699,Utama
417,IOTF,Sumber Sinergi Makmur Tbk.,06 Okt 2023,5.287.343.133,Pengembangan
418,IPAC,Era Graharealty Tbk.,30 Jun 2021,949.868.500,Akselerasi
419,IPCC,Indonesia Kendaraan Terminal T,09 Jul 2018,1.818.384.820,Utama
420,IPCM,Jasa Armada Indonesia Tbk.,22 Des 2017,5.284.811.100,Pengembangan
421,IPOL,Indopoly Swakarsa Industry Tbk,09 Jul 2010,6.443.379.509,Pengembangan
422,IPPE,Indo Pureco Pratama Tbk.,09 Des 2021,4.600.000.000,Pemantauan Khusus
423,IPTV,MNC Vision Networks Tbk.,08 Jul 2019,42.197.950.841,Pemantauan Khusus
424,IRRA,Itama Ranoraya Tbk.,15 Okt 2019,1.600.000.000,Pengembangan
425,IRSX,Aviana Sinar Abadi Tbk.,07 Feb 2023,5.000.348.206,Pemantauan Khusus
426,ISAP,Isra Presisi Indonesia Tbk.,09 Des 2022,4.020.076.483,Akselerasi
427,ISAT,Indosat Tbk.,19 Okt 1994,8.062.702.740,Utama
428,ISEA,Indo American Seafoods Tbk.,08 Jul 2024,1.390.000.000,Pengembangan
429,ISSP,Steel Pipe Industry of Indones,22 Feb 2013,7.185.992.035,Utama
430,ITIC,Indonesian Tobacco Tbk.,04 Jul 2019,940.720.000,Pengembangan
431,ITMA,Sumber Energi Andalan Tbk.,10 Des 1990,999.053.167,Pengembangan
432,ITMG,Indo Tambangraya Megah Tbk.,18 Des 2007,1.129.925.000,Utama
433,JARR,Jhonlin Agro Raya Tbk.,04 Agt 2022,9.230.665.050,Utama
434,JAST,Jasnita Telekomindo Tbk.,16 Mei 2019,1.082.575.738,Pemantauan Khusus
435,JATI,Informasi Teknologi Indonesia ,08 Mei 2023,3.262.520.106,Pengembangan
436,JAWA,Jaya Agra Wattie Tbk.,30 Mei 2011,16.232.951.842,Pengembangan
437,JAYA,Armada Berjaya Trans Tbk.,21 Feb 2019,798.499.394,Pengembangan
438,JECC,Jembo Cable Company Tbk.,18 Nov 1992,756.000.000,Pengembangan
439,JGLE,Graha Andrasentra Propertindo ,29 Jun 2016,22.581.909.405,Pemantauan Khusus
440,JIHD,Jakarta International Hotels &,29 Feb 1984,2.329.040.482,Pengembangan
441,JKON,Jaya Konstruksi Manggala Prata,04 Des 2007,16.308.519.860,Utama
442,JKSW,Jakarta Kyoei Steel Works Tbk.,06 Agt 1997,150.000.000,Pemantauan Khusus
443,JMAS,Asuransi Jiwa Syariah Jasa Mit,18 Des 2017,1.000.000.000,Pengembangan
444,JPFA,Japfa Comfeed Indonesia Tbk.,23 Okt 1989,11.726.575.201,Utama
445,JRPT,Jaya Real Property Tbk.,29 Jun 1994,13.750.000.000,Pengembangan
446,JSKY,Sky Energy Indonesia Tbk.,28 Mar 2018,2.032.540.000,Pemantauan Khusus
447,JSMR,Jasa Marga (Persero) Tbk.,12 Nov 2007,7.257.871.200,Utama
448,JSPT,Jakarta Setiabudi Internasiona,12 Jan 1998,2.318.736.000,Pengembangan
449,JTPE,Jasuindo Tiga Perkasa Tbk.,16 Apr 2002,6.852.050.000,Utama
450,KAEF,Kimia Farma Tbk.,04 Jul 2001,5.566.584.590,Pengembangan
451,KARW,Meratus Jasa Prima Tbk.,20 Des 1994,587.152.700,Pemantauan Khusus
452,KAYU,Darmi Bersaudara Tbk.,04 Jul 2019,665.000.000,Pemantauan Khusus
453,KBAG,Karya Bersama Anugerah Tbk.,08 Apr 2020,7.150.002.603,Pemantauan Khusus
454,KBLI,KMI Wire & Cable Tbk.,06 Jul 1992,4.007.235.107,Utama
455,KBLM,Kabelindo Murni Tbk.,01 Jun 1992,1.120.000.000,Pengembangan
456,KBLV,First Media Tbk.,25 Feb 2000,1.742.167.907,Pemantauan Khusus
457,KBRI,Kertas Basuki Rachmat Indonesi,11 Jul 2008,8.687.995.734,Pemantauan Khusus
458,KDSI,Kedawung Setia Industrial Tbk.,29 Jul 1996,405.000.000,Pemantauan Khusus
459,KDTN,Puri Sentul Permai Tbk.,09 Nov 2022,1.250.019.457,Pengembangan
460,KEEN,Kencana Energi Lestari Tbk.,02 Sep 2019,3.666.312.500,Utama
461,KEJU,Mulia Boga Raya Tbk.,25 Nov 2019,1.500.000.000,Pengembangan
462,KETR,Ketrosden Triasmitra Tbk.,11 Jan 2021,2.841.262.838,Pengembangan
463,KIAS,Keramika Indonesia Assosiasi T,08 Des 1994,14.929.100.000,Pemantauan Khusus
464,KICI,Kedaung Indah Can Tbk,28 Okt 1993,276.000.000,Pengembangan
465,KIJA,Kawasan Industri Jababeka Tbk.,10 Jan 1995,20.824.888.369,Utama
466,KING,Hoffmen Cleanindo Tbk.,16 Feb 2023,2.600.006.720,Akselerasi
467,KINO,Kino Indonesia Tbk.,11 Des 2015,1.428.571.500,Pengembangan
468,KIOS,Kioson Komersial Indonesia Tbk,05 Okt 2017,1.075.862.943,Pengembangan
469,KJEN,Krida Jaringan Nusantara Tbk.,01 Jul 2019,500.000.000,Pengembangan
470,KKES,Kusuma Kemindo Sentosa Tbk.,08 Agt 2022,1.500.000.000,Pemantauan Khusus
471,KKGI,Resource Alam Indonesia Tbk.,01 Jul 1991,5.000.000.000,Utama
472,KLAS,Pelayaran Kurnia Lautan Semest,12 Jun 2023,2.165.000.000,Pengembangan
473,KLBF,Kalbe Farma Tbk.,30 Jul 1991,46.875.122.110,Utama
474,KLIN,Klinko Karya Imaji Tbk.,09 Agt 2022,1.307.530.330,Akselerasi
475,KMDS,Kurniamitra Duta Sentosa Tbk.,07 Sep 2020,800.000.000,Pengembangan
476,KMTR,Kirana Megatara Tbk.,19 Jun 2017,8.215.366.379,Pengembangan
477,KOBX,Kobexindo Tractors Tbk.,05 Jul 2012,2.272.500.000,Pengembangan
478,KOCI,Kokoh Exa Nusantara Tbk.,07 Okt 2023,4.415.590.000,Pengembangan
479,KOIN,Kokoh Inti Arebama Tbk,09 Apr 2008,980.843.732,Pemantauan Khusus
480,KOKA,Koka Indonesia Tbk.,11 Okt 2023,2.861.333.000,Pengembangan
481,KONI,Perdana Bangun Pusaka Tbk,22 Agt 1995,312.000.000,Pengembangan
482,KOPI,Mitra Energi Persada Tbk.,04 Mei 2015,697.266.668,Pengembangan
483,KOTA,DMS Propertindo Tbk.,09 Jul 2019,10.546.185.701,Pemantauan Khusus
484,KPAL,Steadfast Marine Tbk.,08 Jun 2018,1.069.009.400,Pemantauan Khusus
485,KPAS,Cottonindo Ariesta Tbk.,05 Okt 2018,768.043.253,Pemantauan Khusus
486,KPIG,MNC Land Tbk.,30 Mar 2000,97.557.129.263,Pengembangan
487,KRAH,Grand Kartech Tbk.,08 Nov 2013,971.190.000,Pemantauan Khusus
488,KRAS,Krakatau Steel (Persero) Tbk.,10 Nov 2010,19.346.396.900,Pengembangan
489,KREN,Quantum Clovera Investama Tbk.,28 Jun 2002,18.208.470.100,Pemantauan Khusus
490,KRYA,Bangun Karya Perkasa Jaya Tbk.,25 Jul 2022,1.663.943.474,Pengembangan
491,KUAS,Ace Oldfields Tbk.,25 Okt 2021,1.292.808.150,Pengembangan
492,LABA,Ladangbaja Murni Tbk.,10 Jun 2021,1.103.402.553,Pengembangan
493,LABS,UBC Medical Indonesia Tbk.,10 Jul 2024,3.950.000.000,Pengembangan
494,LAJU,Jasa Berdikari Logistics Tbk.,27 Jan 2023,2.149.942.974,Pengembangan
495,LAND,Trimitra Propertindo Tbk.,23 Agt 2018,2.792.620.000,Pemantauan Khusus
496,LAPD,Leyand International Tbk.,17 Jul 2001,3.966.350.139,Pemantauan Khusus
497,LCGP,Eureka Prima Jakarta Tbk.,13 Jul 2007,5.630.000.914,Pemantauan Khusus
498,LCKM,LCK Global Kedaton Tbk.,16 Jan 2018,1.000.000.000,Pengembangan
499,LEAD,Logindo Samudramakmur Tbk.,11 Des 2013,4.049.616.328,Pengembangan
500,LFLO,Imago Mulia Persada Tbk.,07 Apr 2021,1.307.734.937,Akselerasi
501,LIFE,MSIG Life Insurance Indonesia ,09 Jul 2019,2.100.000.000,Pengembangan
502,LINK,Link Net Tbk.,02 Jun 2014,2.863.195.484,Pengembangan
503,LION,Lion Metal Works Tbk.,20 Agt 1993,520.160.000,Pemantauan Khusus
504,LIVE,Homeco Victoria Makmur Tbk.,12 Feb 2024,4.593.005.014,Pengembangan
505,LMAS,Limas Indonesia Makmur Tbk,28 Des 2001,787.851.525,Pemantauan Khusus
506,LMAX,Lupromax Pelumas Indonesia Tbk,09 Agt 2023,650.007.578,Akselerasi
507,LMPI,Langgeng Makmur Industri Tbk.,17 Okt 1994,1.008.517.669,Pemantauan Khusus
508,LMSH,Lionmesh Prima Tbk.,04 Jun 1990,96.000.000,Pemantauan Khusus
509,LOPI,Logisticsplus International Tb,11 Okt 2023,1.100.006.916,Akselerasi
510,LPCK,Lippo Cikarang Tbk,24 Jul 1997,2.679.600.000,Utama
511,LPGI,Lippo General Insurance Tbk.,22 Jul 1997,300.000.000,Pengembangan
512,LPIN,Multi Prima Sejahtera Tbk,05 Feb 1990,425.000.000,Pengembangan
513,LPKR,Lippo Karawaci Tbk.,28 Jun 1996,70.898.018.369,Utama
514,LPLI,Star Pacific Tbk,23 Okt 1989,1.170.432.803,Pengembangan
515,LPPF,Matahari Department Store Tbk.,09 Okt 1989,2.259.292.880,Utama
516,LPPS,Lenox Pasifik Investama Tbk.,28 Mar 1994,2.588.250.000,Pengembangan
517,LRNA,Eka Sari Lorena Transport Tbk.,15 Apr 2014,350.000.022,Pengembangan
518,LSIP,PP London Sumatra Indonesia Tb,05 Jul 1996,6.822.863.965,Utama
519,LTLS,Lautan Luas Tbk.,21 Jul 1997,1.560.000.000,Utama
520,LUCK,Sentral Mitra Informatika Tbk.,28 Nov 2018,715.749.640,Pengembangan
521,LUCY,Lima Dua Lima Tiga Tbk.,05 Mei 2021,1.514.773.893,Akselerasi
522,MABA,Marga Abhinaya Abadi Tbk.,22 Jun 2017,15.365.229.912,Pemantauan Khusus
523,MAGP,Multi Agro Gemilang Plantation,16 Jan 2013,9.000.000.004,Pemantauan Khusus
524,MAHA,Mandiri Herindo Adiperkasa Tbk,25 Jul 2023,16.666.000.000,Utama
525,MAIN,Malindo Feedmill Tbk.,10 Feb 2006,2.238.750.000,Utama
526,MAMI,Mas Murni Indonesia Tbk,09 Feb 1994,12.299.317.590,Pemantauan Khusus
527,MANG,Manggung Polahraya Tbk.,11 Jan 2024,3.812.500.000,Akselerasi
528,MAPA,Map Aktif Adiperkasa Tbk.,05 Jul 2018,28.504.000.000,Utama
529,MAPB,MAP Boga Adiperkasa Tbk.,21 Jun 2017,2.387.922.900,Pengembangan
530,MAPI,Mitra Adiperkasa Tbk.,10 Nov 2004,16.600.000.000,Utama
531,MARI,Mahaka Radio Integra Tbk.,11 Feb 2016,5.252.644.000,Pengembangan
532,MARK,Mark Dynamics Indonesia Tbk.,12 Jul 2017,3.800.000.310,Utama
533,MASA,Multistrada Arah Sarana Tbk.,09 Jun 2005,9.182.946.945,Pemantauan Khusus
534,MASB,Bank Multiarta Sentosa Tbk.,30 Jun 2021,1.387.737.233,Pengembangan
535,MAXI,Maxindo Karya Anugerah Tbk.,12 Jun 2023,9.610.058.981,Pengembangan
536,MAYA,Bank Mayapada Internasional Tb,29 Agt 1997,25.906.179.152,Utama
537,MBAP,Mitrabara Adiperdana Tbk.,10 Jul 2014,1.227.271.952,Pengembangan
538,MBMA,Merdeka Battery Materials Tbk.,18 Apr 2023,107.995.419.900,Pengembangan
539,MBSS,Mitrabahtera Segara Sejati Tbk,06 Apr 2011,1.750.026.639,Utama
540,MBTO,Martina Berto Tbk.,13 Jan 2011,1.070.000.000,Pengembangan
541,MCAS,M Cash Integrasi Tbk.,01 Nov 2017,867.933.300,Utama
542,MCOL,Prima Andalan Mandiri Tbk.,07 Sep 2021,3.555.560.000,Utama
543,MCOR,Bank China Construction Bank I,03 Jul 2007,37.540.533.209,Utama
544,MDIA,Intermedia Capital Tbk.,11 Apr 2014,39.215.538.400,Pemantauan Khusus
545,MDKA,Merdeka Copper Gold Tbk.,19 Jun 2015,24.472.983.771,Utama
546,MDKI,Emdeki Utama Tbk.,25 Sep 2017,2.530.150.002,Pengembangan
547,MDLN,Modernland Realty Tbk.,18 Jan 1993,12.533.067.322,Utama
548,MDRN,Modern Internasional Tbk.,16 Jul 1991,7.632.167.798,Pemantauan Khusus
549,MEDC,Medco Energi Internasional Tbk,12 Okt 1994,25.136.231.252,Utama
550,MEDS,Hetzer Medical Indonesia Tbk.,10 Agt 2022,1.562.500.000,Pengembangan
551,MEGA,Bank Mega Tbk.,17 Apr 2000,11.623.514.905,Utama
552,MEJA,Harta Djaya Karya Tbk.,12 Feb 2024,1.917.500.000,Akselerasi
553,MENN,Menn Teknologi Indonesia Tbk.,18 Apr 2023,1.434.052.006,Akselerasi
554,MERK,Merck Tbk.,23 Jul 1981,448.000.000,Pengembangan
555,META,Nusantara Infrastructure Tbk.,18 Jul 2001,17.710.708.194,Pengembangan
556,MFIN,Mandala Multifinance Tbk.,06 Sep 2005,2.650.000.000,Utama
557,MFMI,Multifiling Mitra Indonesia Tb,29 Des 2010,757.581.000,Pemantauan Khusus
558,MGLV,Panca Anugrah Wisesa Tbk.,08 Jun 2021,1.904.883.411,Akselerasi
559,MGNA,Magna Investama Mandiri Tbk.,08 Jul 2014,3.410.475.462,Pemantauan Khusus
560,MGRO,Mahkota Group Tbk.,12 Jul 2018,3.554.445.700,Pengembangan
561,MHKI,Multi Hanna Kreasindo Tbk.,16 Apr 2024,3.750.000.000,Pengembangan
562,MICE,Multi Indocitra Tbk.,21 Des 2005,600.000.000,Pengembangan
563,MIDI,Midi Utama Indonesia Tbk.,30 Nov 2010,33.435.294.800,Utama
564,MIKA,Mitra Keluarga Karyasehat Tbk.,24 Mar 2015,14.246.349.500,Utama
565,MINA,Sanurhasta Mitra Tbk.,28 Apr 2017,6.562.500.000,Pemantauan Khusus
566,MIRA,Mitra International Resources ,30 Jan 1997,3.961.452.039,Pemantauan Khusus
567,MITI,Mitra Investindo Tbk.,16 Jul 1997,3.540.735.503,Pengembangan
568,MKAP,Multikarya Asia Pasifik Raya T,12 Feb 2024,3.250.000.000,Pengembangan
569,MKNT,Mitra Komunikasi Nusantara Tbk,26 Okt 2015,5.500.000.000,Pemantauan Khusus
570,MKPI,Metropolitan Kentjana Tbk.,10 Jul 2009,948.194.000,Pengembangan
571,MKTR,Menthobi Karyatama Raya Tbk.,08 Nov 2022,12.000.125.803,Utama
572,MLBI,Multi Bintang Indonesia Tbk.,15 Des 1981,2.107.000.000,Utama
573,MLIA,Mulia Industrindo Tbk,17 Jan 1994,6.615.000.000,Utama
574,MLPL,Multipolar Tbk.,06 Nov 1989,15.682.323.987,Utama
575,MLPT,Multipolar Technology Tbk.,08 Jul 2013,1.875.000.000,Pengembangan
576,MMIX,Multi Medika Internasional Tbk,06 Des 2022,2.400.094.493,Pengembangan
577,MMLP,Mega Manunggal Property Tbk.,12 Jun 2015,6.889.134.608,Utama
578,MNCN,Media Nusantara Citra Tbk.,22 Jun 2007,15.049.787.710,Utama
579,MOLI,Madusari Murni Indah Tbk.,30 Agt 2018,2.724.036.581,Pengembangan
580,MORA,Mora Telematika Indonesia Tbk.,08 Agt 2022,23.646.668.691,Utama
581,MPIX,Mitra Pedagang Indonesia Tbk.,07 Feb 2024,1.562.500.000,Pengembangan
582,MPMX,Mitra Pinasthika Mustika Tbk.,29 Mei 2013,4.462.963.276,Utama
583,MPOW,Megapower Makmur Tbk.,05 Jul 2017,816.997.053,Pengembangan
584,MPPA,Matahari Putra Prima Tbk.,21 Des 1992,12.966.640.084,Utama
585,MPRO,Maha Properti Indonesia Tbk.,09 Okt 2018,9.942.500.000,Pengembangan
586,MPXL,MPX Logistics International Tb,09 Mei 2023,2.000.014.587,Pengembangan
587,MRAT,Mustika Ratu Tbk.,27 Jul 1995,428.000.000,Pengembangan
588,MREI,Maskapai Reasuransi Indonesia ,04 Sep 1989,517.791.681,Pengembangan
589,MSIE,Multisarana Intan Eduka Tbk.,10 Agt 2023,1.460.006.651,Akselerasi
590,MSIN,MNC Digital Entertainment Tbk.,08 Jun 2018,12.135.235.641,Utama
591,MSJA,Multi Spunindo Jaya Tbk.,10 Jan 2024,5.882.352.900,Utama
592,MSKY,MNC Sky Vision Tbk.,09 Jul 2012,1.994.370.480,Pengembangan
593,MSTI,Mastersystem Infotama Tbk.,08 Nov 2023,3.138.823.600,Utama
594,MTDL,Metrodata Electronics Tbk.,09 Apr 1990,12.276.884.585,Utama
595,MTEL,Dayamitra Telekomunikasi Tbk.,22 Nov 2021,83.552.719.544,Utama
596,MTFN,Capitalinc Investment Tbk.,16 Apr 1990,31.842.082.852,Pemantauan Khusus
597,MTLA,Metropolitan Land Tbk.,20 Jun 2011,7.655.126.330,Utama
598,MTMH,Murni Sadar Tbk.,20 Apr 2022,2.068.526.950,Utama
599,MTPS,Meta Epsi Tbk.,10 Apr 2019,2.084.850.829,Pemantauan Khusus
600,MTRA,Mitra Pemuda Tbk.,10 Feb 2016,770.000.000,Pemantauan Khusus
601,MTSM,Metro Realty Tbk.,08 Jan 1992,232.848.000,Pemantauan Khusus
602,MTWI,Malacca Trust Wuwungan Insuran,12 Okt 2017,2.924.486.639,Pengembangan
603,MUTU,Mutuagung Lestari Tbk.,09 Agt 2023,3.142.875.510,Pengembangan
604,MYOH,Samindo Resources Tbk.,27 Jul 2000,2.206.312.500,Utama
605,MYOR,Mayora Indah Tbk.,04 Jul 1990,22.358.699.725,Utama
606,MYRX,Hanson International Tbk.,31 Okt 1990,86.703.220.792,Pemantauan Khusus
607,MYTX,Asia Pacific Investama Tbk.,10 Okt 1989,7.747.281.949,Pemantauan Khusus
608,NANO,Nanotech Indonesia Global Tbk.,10 Mar 2022,4.285.217.466,Akselerasi
609,NASA,Andalan Perkasa Abadi Tbk.,07 Agt 2017,11.004.929.322,Pemantauan Khusus
610,NASI,Wahana Inti Makmur Tbk.,13 Des 2021,807.400.000,Pengembangan
611,NATO,Surya Permata Andalan Tbk.,18 Jan 2019,8.001.111.504,Pengembangan
612,NAYZ,Hassana Boga Sejahtera Tbk.,06 Feb 2023,2.550.011.472,Akselerasi
613,NCKL,Trimegah Bangun Persada Tbk.,12 Apr 2023,63.098.600.000,Utama
614,NELY,Pelayaran Nelly Dwi Putri Tbk.,11 Okt 2012,2.350.000.000,Pengembangan
615,NETV,Net Visi Media Tbk.,26 Jan 2022,23.453.177.240,Pemantauan Khusus
616,NFCX,NFC Indonesia Tbk.,12 Jul 2018,666.667.500,Pengembangan
617,NICE,Adhi Kartiko Pratama Tbk.,09 Jan 2024,6.082.020.000,Pengembangan
618,NICK,Charnic Capital Tbk.,02 Mei 2018,651.150.000,Pengembangan
619,NICL,PAM Mineral Tbk.,09 Jul 2021,10.635.644.907,Pengembangan
620,NIKL,Pelat Timah Nusantara Tbk.,14 Des 2009,2.523.350.000,Pengembangan
621,NINE,Techno9 Indonesia Tbk.,05 Des 2022,2.157.000.000,Akselerasi
622,NIPS,Nipress Tbk.,24 Jul 1991,1.635.333.332,Pemantauan Khusus
623,NIRO,City Retail Developments Tbk.,13 Sep 2012,22.198.871.804,Pengembangan
624,NISP,Bank OCBC NISP Tbk.,20 Okt 1994,22.715.776.032,Utama
625,NOBU,Bank Nationalnobu Tbk.,20 Mei 2013,7.403.659.460,Pengembangan
626,NPGF,Nusa Palapa Gemilang Tbk.,14 Apr 2021,3.240.235.840,Pemantauan Khusus
627,NRCA,Nusa Raya Cipta Tbk.,27 Jun 2013,2.496.258.344,Pengembangan
628,NSSS,Nusantara Sawit Sejahtera Tbk.,10 Mar 2023,23.801.332.776,Pengembangan
629,NTBK,Nusatama Berkah Tbk.,09 Feb 2022,2.700.064.877,Pengembangan
630,NUSA,Sinergi Megah Internusa Tbk.,12 Jul 2018,7.700.000.148,Pemantauan Khusus
631,NZIA,Nusantara Almazia Tbk.,25 Sep 2019,2.197.540.705,Pengembangan
632,OASA,Maharaksa Biru Energi Tbk.,18 Jul 2016,6.347.220.000,Pengembangan
633,OBMD,OBM Drilchem Tbk.,08 Des 2021,805.992.931,Pengembangan
634,OCAP,Onix Capital Tbk.,10 Okt 2003,273.200.000,Pemantauan Khusus
635,OILS,Indo Oil Perkasa Tbk.,06 Sep 2021,454.056.563,Pengembangan
636,OKAS,Ancora Indonesia Resources Tbk,29 Mar 2006,2.373.449.165,Pengembangan
637,OLIV,Oscar Mitra Sukses Sejahtera T,17 Mei 2022,1.900.073.314,Akselerasi
638,OMED,Jayamas Medica Industri Tbk.,08 Nov 2022,27.058.850.000,Utama
639,OMRE,Indonesia Prima Property Tbk,22 Agt 1994,2.945.211.000,Pemantauan Khusus
640,OPMS,Optima Prima Metal Sinergi Tbk,23 Sep 2019,1.000.000.000,Pengembangan
641,PACK,Solusi Kemasan Digital Tbk.,08 Feb 2023,1.537.551.491,Akselerasi
642,PADA,Personel Alih Daya Tbk.,08 Des 2022,3.150.000.000,Pemantauan Khusus
643,PADI,Minna Padi Investama Sekuritas,09 Jan 2012,11.307.246.524,Pemantauan Khusus
644,PALM,Provident Investasi Bersama Tb,08 Okt 2012,15.773.797.158,Pengembangan
645,PAMG,Bima Sakti Pertiwi Tbk.,05 Jul 2019,3.125.000.000,Pengembangan
646,PANI,Pantai Indah Kapuk Dua Tbk.,18 Sep 2018,15.627.150.000,Pengembangan
647,PANR,Panorama Sentrawisata Tbk.,18 Sep 2001,1.387.500.000,Utama
648,PANS,Panin Sekuritas Tbk.,31 Mei 2000,720.000.000,Utama
649,PART,Cipta Perdana Lancar Tbk.,05 Jul 2024,2.720.000.000,Pengembangan
650,PBID,Panca Budi Idaman Tbk.,13 Des 2017,7.500.000.000,Utama
651,PBRX,Pan Brothers Tbk.,16 Agt 1990,21.482.028.246,Pemantauan Khusus
652,PBSA,Paramita Bangun Sarana Tbk.,28 Sep 2016,3.000.000.000,Pengembangan
653,PCAR,Prima Cakrawala Abadi Tbk.,29 Des 2017,1.166.666.700,Pengembangan
654,PDES,Destinasi Tirta Nusantara Tbk,08 Jul 2008,715.000.000,Pengembangan
655,PDPP,Primadaya Plastisindo Tbk.,09 Nov 2022,3.061.341.438,Pengembangan
656,PEGE,Panca Global Kapital Tbk.,24 Jun 2005,2.833.417.056,Pengembangan
657,PEHA,Phapros Tbk.,26 Des 2018,840.000.000,Pengembangan
658,PEVE,Penta Valent Tbk.,24 Jan 2023,1.765.625.000,Pengembangan
659,PGAS,Perusahaan Gas Negara Tbk.,15 Des 2003,24.241.508.196,Utama
660,PGEO,Pertamina Geothermal Energy Tb,24 Feb 2023,41.495.007.591,Utama
661,PGJO,Tourindo Guide Indonesia Tbk.,08 Jan 2020,772.459.095,Akselerasi
662,PGLI,Pembangunan Graha Lestari Inda,05 Apr 2000,488.000.000,Pengembangan
663,PGUN,Pradiksi Gunatama Tbk.,07 Jul 2020,5.737.848.882,Pemantauan Khusus
664,PICO,Pelangi Indah Canindo Tbk,23 Sep 1996,568.375.000,Pengembangan
665,PIPA,Multi Makmur Lemindo Tbk.,10 Apr 2023,3.425.028.064,Pemantauan Khusus
666,PJAA,Pembangunan Jaya Ancol Tbk.,02 Jul 2004,1.599.999.996,Pengembangan
667,PKPK,Perdana Karya Perkasa Tbk,11 Jul 2007,1.200.000.000,Pengembangan
668,PLAN,Planet Properindo Jaya Tbk.,15 Sep 2020,896.709.596,Akselerasi
669,PLAS,Polaris Investama Tbk,16 Mar 2001,1.184.200.000,Pemantauan Khusus
670,PLIN,Plaza Indonesia Realty Tbk.,15 Jun 1992,3.550.000.000,Pemantauan Khusus
671,PMJS,Putra Mandiri Jembar Tbk.,18 Des 2019,13.755.600.000,Pengembangan
672,PMMP,Panca Mitra Multiperdana Tbk.,18 Des 2020,2.588.300.000,Pengembangan
673,PNBN,Bank Pan Indonesia Tbk,29 Des 1982,23.837.645.998,Utama
674,PNBS,Bank Panin Dubai Syariah Tbk.,15 Jan 2014,38.425.504.906,Pengembangan
675,PNGO,Pinago Utama Tbk.,31 Agt 2020,781.250.000,Pengembangan
676,PNIN,Paninvest Tbk.,20 Sep 1983,4.068.323.920,Utama
677,PNLF,Panin Financial Tbk.,14 Jun 1983,32.022.073.293,Utama
678,PNSE,Pudjiadi & Sons Tbk.,01 Mei 1990,797.813.496,Pemantauan Khusus
679,POLA,Pool Advista Finance Tbk.,16 Nov 2018,3.351.075.600,Pemantauan Khusus
680,POLI,Pollux Hotels Group Tbk.,10 Jan 2019,2.010.526.400,Pengembangan
681,POLL,Pollux Properties Indonesia Tb,11 Jul 2018,8.318.823.600,Pengembangan
682,POLU,Golden Flower Tbk.,26 Jun 2019,750.000.000,Pengembangan
683,POLY,Asia Pacific Fibers Tbk,12 Mar 1991,2.495.753.334,Pemantauan Khusus
684,POOL,Pool Advista Indonesia Tbk.,20 Mei 1991,2.341.366.264,Pemantauan Khusus
685,PORT,Nusantara Pelabuhan Handal Tbk,16 Mar 2017,2.813.941.985,Pengembangan
686,POSA,Bliss Properti Indonesia Tbk.,10 Mei 2019,8.388.870.206,Pemantauan Khusus
687,POWR,Cikarang Listrindo Tbk.,14 Jun 2016,16.087.156.000,Utama
688,PPGL,Prima Globalindo Logistik Tbk.,20 Jul 2020,771.178.020,Akselerasi
689,PPRE,PP Presisi Tbk.,24 Nov 2017,10.224.271.000,Pengembangan
690,PPRI,Paperocks Indonesia Tbk.,08 Agt 2023,1.075.005.569,Pengembangan
691,PPRO,PP Properti Tbk.,19 Mei 2015,61.675.671.883,Pemantauan Khusus
692,PRAS,Prima Alloy Steel Universal Tb,12 Jul 1990,701.043.478,Pemantauan Khusus
693,PRAY,Famon Awal Bros Sedaya Tbk.,08 Nov 2022,13.959.422.300,Pengembangan
694,PRDA,Prodia Widyahusada Tbk.,07 Des 2016,937.500.000,Utama
695,PRIM,Royal Prima Tbk.,15 Mei 2018,3.393.434.905,Pengembangan
696,PSAB,J Resources Asia Pasifik Tbk.,22 Apr 2003,26.460.000.000,Pengembangan
697,PSDN,Prasidha Aneka Niaga Tbk,18 Okt 1994,1.440.000.000,Pengembangan
698,PSGO,Palma Serasih Tbk.,25 Nov 2019,18.850.000.000,Utama
699,PSKT,Red Planet Indonesia Tbk.,19 Sep 1995,10.351.231.636,Pemantauan Khusus
700,PSSI,IMC Pelita Logistik Tbk.,05 Des 2017,5.417.063.153,Utama
701,PTBA,Bukit Asam Tbk.,23 Des 2002,11.520.659.250,Utama
702,PTDU,Djasa Ubersakti Tbk.,08 Des 2020,1.500.000.000,Pemantauan Khusus
703,PTIS,Indo Straits Tbk.,12 Jul 2011,550.165.300,Pengembangan
704,PTMP,Mitra Pack Tbk.,06 Mar 2023,3.169.200.000,Pengembangan
705,PTPP,PP (Persero) Tbk.,09 Feb 2010,6.199.897.354,Utama
706,PTPS,Pulau Subur Tbk.,09 Okt 2023,2.167.510.560,Pengembangan
707,PTPW,Pratama Widya Tbk.,07 Feb 2020,878.187.500,Pengembangan
708,PTRO,Petrosea Tbk.,21 Mei 1990,1.008.605.000,Utama
709,PTSN,Sat Nusapersada Tbk,08 Nov 2007,5.314.344.000,Pengembangan
710,PTSP,Pioneerindo Gourmet Internatio,30 Mei 1994,220.808.000,Pengembangan
711,PUDP,Pudjiadi Prestige Tbk.,18 Nov 1994,659.120.000,Utama
712,PURA,Putra Rajawali Kencana Tbk.,29 Jan 2020,6.301.930.902,Pemantauan Khusus
713,PURE,Trinitan Metals and Minerals T,09 Okt 2019,1.375.181.505,Pemantauan Khusus
714,PURI,Puri Global Sukses Tbk.,08 Sep 2020,1.000.000.000,Pengembangan
715,PWON,Pakuwon Jati Tbk.,09 Okt 1989,48.159.602.400,Utama
716,PYFA,Pyridam Farma Tbk,16 Okt 2001,11.236.680.000,Pengembangan
717,PZZA,Sarimelati Kencana Tbk.,23 Mei 2018,3.021.875.000,Pengembangan
718,RAAM,Tripar Multivision Plus Tbk.,08 Mei 2023,6.194.200.000,Utama
719,RAFI,Sari Kreasi Boga Tbk.,05 Agt 2022,3.128.140.475,Pemantauan Khusus
720,RAJA,Rukun Raharja Tbk.,19 Apr 2006,4.227.082.500,Utama
721,RALS,Ramayana Lestari Sentosa Tbk.,24 Jul 1996,7.096.000.000,Utama
722,RANC,Supra Boga Lestari Tbk.,07 Jun 2012,1.564.487.500,Pengembangan
723,RBMS,Ristia Bintang Mahkotasejati T,19 Des 1997,2.656.212.826,Pemantauan Khusus
724,RCCC,Utama Radar Cahaya Tbk.,02 Agt 2022,787.500.000,Akselerasi
725,RDTX,Roda Vivatex Tbk,14 Mei 1990,268.800.000,Pengembangan
726,REAL,Repower Asia Indonesia Tbk.,06 Des 2019,6.633.610.151,Pemantauan Khusus
727,RELF,Graha Mitra Asia Tbk.,22 Jun 2023,5.727.832.195,Akselerasi
728,RELI,Reliance Sekuritas Indonesia T,13 Jul 2005,1.800.000.000,Pengembangan
729,RGAS,Kian Santang Muliatama Tbk.,08 Nov 2023,1.459.217.323,Pengembangan
730,RICY,Ricky Putra Globalindo Tbk,22 Jan 1998,641.717.510,Pengembangan
731,RIGS,Rig Tenders Indonesia Tbk.,05 Mar 1990,609.130.000,Pengembangan
732,RIMO,Rimo International Lestari Tbk,10 Nov 2000,45.080.600.000,Pemantauan Khusus
733,RISE,Jaya Sukses Makmur Sentosa Tbk,09 Jul 2018,10.945.000.000,Pengembangan
734,RMKE,RMK Energy Tbk.,07 Des 2021,4.375.000.000,Utama
735,RMKO,Royaltama Mulia Kontraktorindo,31 Jul 2023,1.250.000.000,Pengembangan
736,ROCK,Rockfields Properti Indonesia ,10 Sep 2020,1.435.185.100,Pemantauan Khusus
737,RODA,Pikko Land Development Tbk.,22 Okt 2001,13.592.128.209,Pemantauan Khusus
738,RONY,Aesler Grup Internasional Tbk.,09 Apr 2020,1.250.000.000,Pengembangan
739,ROTI,Nippon Indosari Corpindo Tbk.,28 Jun 2010,6.186.488.888,Pengembangan
740,RSCH,Charlie Hospital Semarang Tbk.,28 Agt 2023,2.650.000.000,Pengembangan
741,RSGK,Kedoya Adyaraya Tbk.,08 Sep 2021,929.675.000,Utama
742,RUIS,Radiant Utama Interinsco Tbk.,12 Jul 2006,770.000.000,Pengembangan
743,RUNS,Global Sukses Solusi Tbk.,08 Sep 2021,983.557.875,Akselerasi
744,SAFE,Steady Safe Tbk,15 Agt 1994,615.145.012,Pemantauan Khusus
745,SAGE,Saptausaha Gemilangindah Tbk.,08 Mar 2023,8.033.266.761,Pemantauan Khusus
746,SAME,Sarana Meditama Metropolitan T,11 Jan 2013,17.147.132.545,Utama
747,SAMF,Saraswanti Anugerah Makmur Tbk,31 Mar 2020,5.125.000.000,Utama
748,SAPX,Satria Antaran Prima Tbk.,03 Okt 2018,833.333.300,Pemantauan Khusus
749,SATU,Kota Satu Properti Tbk.,05 Nov 2018,1.375.000.000,Pengembangan
750,SBAT,Sejahtera Bintang Abadi Textil,08 Apr 2020,4.752.982.378,Pemantauan Khusus
751,SBMA,Surya Biru Murni Acetylene Tbk,08 Sep 2021,929.926.282,Pengembangan
752,SCCO,Supreme Cable Manufacturing & ,20 Jul 1982,822.333.600,Pengembangan
753,SCMA,Surya Citra Media Tbk.,16 Jul 2002,73.970.569.505,Utama
754,SCNP,Selaras Citra Nusantara Perkas,07 Sep 2020,2.500.000.000,Pengembangan
755,SCPI,Organon Pharma Indonesia Tbk.,08 Jun 1990,3.600.000,Pengembangan
756,SDMU,Sidomulyo Selaras Tbk.,12 Jul 2011,1.135.225.000,Pemantauan Khusus
757,SDPC,Millennium Pharmacon Internati,07 Mei 1990,1.274.000.000,Pengembangan
758,SDRA,Bank Woori Saudara Indonesia 1,15 Des 2006,14.545.267.990,Utama
759,SEMA,Semacom Integrated Tbk.,10 Jan 2022,1.347.258.842,Pengembangan
760,SFAN,Surya Fajar Capital Tbk.,19 Jun 2019,1.359.934.021,Pengembangan
761,SGER,Sumber Global Energy Tbk.,10 Agt 2020,15.586.909.438,Pengembangan
762,SGRO,Sampoerna Agro Tbk.,18 Jun 2007,1.818.622.000,Utama
763,SHID,Hotel Sahid Jaya International,08 Mei 1990,1.119.326.168,Pengembangan
764,SHIP,Sillo Maritime Perdana Tbk.,16 Jun 2016,2.719.790.000,Utama
765,SICO,Sigma Energy Compressindo Tbk.,08 Apr 2022,910.051.022,Pengembangan
766,SIDO,Industri Jamu dan Farmasi Sido,18 Des 2013,30.000.000.000,Utama
767,SILO,Siloam International Hospitals,12 Sep 2013,13.006.125.000,Utama
768,SIMA,Siwani Makmur Tbk,03 Jun 1994,442.589.871,Pemantauan Khusus
769,SIMP,Salim Ivomas Pratama Tbk.,09 Jun 2011,15.816.310.000,Utama
770,SINI,Singaraja Putra Tbk.,08 Nov 2019,481.000.000,Pemantauan Khusus
771,SIPD,Sreeya Sewu Indonesia Tbk.,27 Des 1996,1.839.102.056,Pengembangan
772,SKBM,Sekar Bumi Tbk.,28 Sep 2012,1.730.103.217,Pemantauan Khusus
773,SKLT,Sekar Laut Tbk.,08 Sep 1993,6.907.405.000,Pengembangan
774,SKRN,Superkrane Mitra Utama Tbk.,11 Okt 2018,7.500.000.000,Pengembangan
775,SKYB,Northcliff Citranusa Indonesia,07 Jul 2010,585.000.000,Pemantauan Khusus
776,SLIS,Gaya Abadi Sempurna Tbk.,07 Okt 2019,2.463.335.781,Pengembangan
777,SMAR,Smart Tbk.,20 Nov 1992,2.872.193.366,Pengembangan
778,SMBR,Semen Baturaja Tbk.,28 Jun 2013,9.932.534.336,Utama
779,SMCB,Solusi Bangun Indonesia Tbk.,10 Agt 1977,9.019.381.973,Pemantauan Khusus
780,SMDM,Suryamas Dutamakmur Tbk.,12 Okt 1995,4.772.138.237,Pengembangan
781,SMDR,Samudera Indonesia  Tbk.,05 Jul 1999,16.375.600.000,Utama
782,SMGA,Sumber Mineral Global Abadi Tb,30 Jan 2024,8.750.000.000,Pengembangan
783,SMGR,Semen Indonesia (Persero) Tbk.,08 Jul 1991,6.751.540.089,Utama
784,SMIL,Sarana Mitra Luas Tbk.,12 Mei 2023,8.750.101.568,Utama
785,SMKL,Satyamitra Kemas Lestari Tbk.,11 Jul 2019,3.418.085.290,Pengembangan
786,SMKM,Sumber Mas Konstruksi Tbk.,09 Mar 2022,1.253.000.000,Akselerasi
787,SMLE,Sinergi Multi Lestarindo Tbk.,10 Jan 2024,2.328.126.550,Pengembangan
788,SMMA,Sinarmas Multiartha Tbk.,05 Jul 1995,6.367.664.717,Utama
789,SMMT,Golden Eagle Energy Tbk.,01 Des 1997,3.150.000.000,Pengembangan
790,SMRA,Summarecon Agung Tbk.,07 Mei 1990,16.508.568.358,Utama
791,SMRU,SMR Utama Tbk.,10 Okt 2011,12.499.385.782,Pemantauan Khusus
792,SMSM,Selamat Sempurna Tbk.,09 Sep 1996,5.758.675.440,Utama
793,SNLK,Sunter Lakeside Hotel Tbk.,29 Mar 2021,450.000.000,Pengembangan
794,SOCI,Soechi Lines Tbk.,03 Des 2014,7.059.000.000,Utama
795,SOFA,Boston Furniture Industries Tb,07 Jul 2020,1.653.574.499,Akselerasi
796,SOHO,Soho Global Health Tbk.,08 Sep 2020,12.691.682.390,Pengembangan
797,SOLA,Xolare RCR Energy Tbk.,08 Mei 2024,3.281.250.000,Pengembangan
798,SONA,Sona Topas Tourism Industry Tb,21 Jul 1992,662.400.000,Pengembangan
799,SOSS,Shield On Service Tbk.,06 Nov 2018,799.414.231,Pengembangan
800,SOTS,Satria Mega Kencana Tbk.,10 Des 2018,1.000.003.979,Pengembangan
801,SOUL,Mitra Tirta Buwana Tbk.,06 Jan 2023,1.082.526.223,Akselerasi
802,SPMA,Suparma Tbk.,16 Nov 1994,3.154.092.216,Pengembangan
803,SPRE,Soraya Berjaya Indonesia Tbk.,03 Jul 2024,800.000.000,Akselerasi
804,SPTO,Surya Pertiwi Tbk.,14 Mei 2018,2.700.000.000,Utama
805,SQMI,Wilton Makmur Indonesia Tbk.,15 Jul 2004,15.537.591.429,Pengembangan
806,SRAJ,Sejahteraraya Anugrahjaya Tbk.,11 Apr 2011,12.000.705.445,Utama
807,SRIL,Sri Rejeki Isman Tbk.,17 Jun 2013,20.452.176.844,Pemantauan Khusus
808,SRSN,Indo Acidatama Tbk,11 Jan 1993,6.020.000.000,Pengembangan
809,SRTG,Saratoga Investama Sedaya Tbk.,26 Jun 2013,13.564.835.000,Utama
810,SSIA,Surya Semesta Internusa Tbk.,27 Mar 1997,4.705.249.440,Utama
811,SSMS,Sawit Sumbermas Sarana Tbk.,12 Des 2013,9.525.000.000,Utama
812,SSTM,Sunson Textile Manufacture Tbk,20 Agt 1997,1.170.909.181,Pemantauan Khusus
813,STAA,Sumber Tani Agung Resources Tb,10 Mar 2022,10.903.372.600,Utama
814,STAR,Buana Artha Anugerah Tbk.,13 Jul 2011,4.800.000.602,Pengembangan
815,STRK,Lovina Beach Brewery Tbk.,10 Okt 2023,10.721.755.195,Pengembangan
816,STTP,Siantar Top Tbk.,16 Des 1996,1.310.000.000,Pengembangan
817,SUGI,Sugih Energy Tbk.,19 Jun 2002,24.811.541.414,Pemantauan Khusus
818,SULI,SLJ Global Tbk.,21 Mar 1994,5.730.581.103,Pengembangan
819,SUNI,Sunindo Pratama Tbk.,09 Jan 2023,2.500.000.000,Utama
820,SUPR,Solusi Tunas Pratama Tbk.,11 Okt 2011,1.137.579.698,Pemantauan Khusus
821,SURE,Super Energy Tbk.,05 Okt 2018,1.497.576.771,Pengembangan
822,SURI,Maja Agung Latexindo Tbk.,07 Des 2023,6.334.375.000,Pengembangan
823,SWAT,Sriwahana Adityakarta Tbk.,08 Jun 2018,3.019.200.000,Pemantauan Khusus
824,SWID,Saraswanti Indoland Developmen,07 Jul 2022,5.385.019.201,Pengembangan
825,TALF,Tunas Alfin Tbk.,17 Jan 2014,1.353.435.000,Pengembangan
826,TAMA,Lancartama Sejati Tbk.,10 Feb 2020,1.200.000.696,Pemantauan Khusus
827,TAMU,Pelayaran Tamarin Samudra Tbk.,10 Mei 2017,37.500.000.000,Pemantauan Khusus
828,TAPG,Triputra Agro Persada Tbk.,12 Apr 2021,19.852.540.000,Utama
829,TARA,Agung Semesta Sejahtera Tbk.,11 Jul 2014,10.069.645.750,Pemantauan Khusus
830,TAXI,Express Transindo Utama Tbk.,02 Nov 2012,10.223.647.156,Pemantauan Khusus
831,TAYS,Jaya Swarasa Agung Tbk.,06 Des 2021,1.098.920.000,Pengembangan
832,TBIG,Tower Bersama Infrastructure T,26 Okt 2010,22.656.999.445,Utama
833,TBLA,Tunas Baru Lampung Tbk.,14 Feb 2000,6.025.373.372,Utama
834,TBMS,Tembaga Mulia Semanan Tbk.,23 Mei 1990,734.680.000,Pengembangan
835,TCID,Mandom Indonesia Tbk.,30 Sep 1993,402.133.334,Pengembangan
836,TCPI,Transcoal Pacific Tbk.,06 Jul 2018,5.000.000.000,Pengembangan
837,TDPM,Tianrong Chemicals Industry Tb,09 Apr 2018,10.485.050.500,Pemantauan Khusus
838,TEBE,Dana Brata Luhur Tbk.,18 Nov 2019,1.285.000.000,Utama
839,TECH,Indosterling Technomedia Tbk.,04 Jun 2020,1.256.300.000,Pemantauan Khusus
840,TELE,Omni Inovasi Indonesia Tbk.,12 Jan 2012,7.310.929.389,Pemantauan Khusus
841,TFAS,Telefast Indonesia Tbk.,17 Sep 2019,1.666.666.500,Pengembangan
842,TFCO,Tifico Fiber Indonesia Tbk.,26 Feb 1980,4.823.076.400,Pemantauan Khusus
843,TGKA,Tigaraksa Satria Tbk.,11 Jun 1990,918.492.750,Pengembangan
844,TGRA,Terregra Asia Energy Tbk.,16 Mei 2017,2.750.000.000,Pemantauan Khusus
845,TGUK,Platinum Wahab Nusantara Tbk.,10 Jul 2023,3.571.451.815,Pengembangan
846,TIFA,KDB Tifa Finance Tbk.,08 Jul 2011,3.552.213.000,Pemantauan Khusus
847,TINS,Timah Tbk.,19 Okt 1995,7.447.753.454,Utama
848,TIRA,Tira Austenite Tbk,27 Jul 1993,588.000.000,Pengembangan
849,TIRT,Tirta Mahakam Resources Tbk,13 Des 1999,1.011.774.750,Pemantauan Khusus
850,TKIM,Pabrik Kertas Tjiwi Kimia Tbk.,03 Apr 1990,3.113.223.570,Utama
851,TLDN,Teladan Prima Agro Tbk.,12 Apr 2022,12.946.530.200,Pengembangan
852,TLKM,Telkom Indonesia (Persero) Tbk,14 Nov 1995,99.062.216.600,Utama
853,TMAS,Temas Tbk.,09 Jul 2003,57.051.500.000,Utama
854,TMPO,Tempo Intimedia Tbk.,08 Jan 2001,1.058.333.250,Pengembangan
855,TNCA,Trimuda Nuansa Citra Tbk.,28 Jun 2018,421.640.000,Pengembangan
856,TOBA,TBS Energi Utama Tbk.,06 Jul 2012,8.167.826.970,Utama
857,TOOL,Rohartindo Nusantara Luas Tbk.,09 Agt 2022,2.050.016.822,Pengembangan
858,TOPS,Totalindo Eka Persada Tbk.,16 Jun 2017,33.330.000.000,Pemantauan Khusus
859,TOSK,Topindo Solusi Komunika Tbk.,07 Feb 2024,4.375.000.000,Pengembangan
860,TOTL,Total Bangun Persada Tbk.,25 Jul 2006,3.410.000.000,Utama
861,TOTO,Surya Toto Indonesia Tbk.,30 Okt 1990,10.320.000.000,Pengembangan
862,TOWR,Sarana Menara Nusantara Tbk.,08 Mar 2010,51.014.625.000,Utama
863,TOYS,Sunindo Adipersada Tbk.,06 Agt 2020,1.435.000.712,Pemantauan Khusus
864,TPIA,Chandra Asri Pacific Tbk.,26 Mei 2008,86.511.545.092,Pengembangan
865,TPMA,Trans Power Marine Tbk.,20 Feb 2013,3.507.420.034,Utama
866,TRAM,Trada Alam Minera Tbk.,10 Sep 2008,49.643.627.934,Pemantauan Khusus
867,TRGU,Cerestar Indonesia Tbk.,08 Jul 2022,7.945.412.700,Utama
868,TRIL,Triwira Insanlestari Tbk.,28 Jan 2008,1.200.000.000,Pemantauan Khusus
869,TRIM,Trimegah Sekuritas Indonesia T,31 Jan 2000,7.109.300.000,Utama
870,TRIN,Perintis Triniti Properti Tbk.,15 Jan 2020,4.551.457.326,Pengembangan
871,TRIO,Trikomsel Oke Tbk.,14 Apr 2009,26.007.494.645,Pemantauan Khusus
872,TRIS,Trisula International Tbk.,28 Jun 2012,3.141.443.831,Pengembangan
873,TRJA,Transkon Jaya Tbk.,27 Agt 2020,1.510.200.000,Pengembangan
874,TRON,Teknologi Karya Digital Nusa T,08 Mar 2023,2.951.290.722,Pengembangan
875,TRST,Trias Sentosa Tbk.,02 Jul 1990,2.808.000.000,Pengembangan
876,TRUE,Triniti Dinamik Tbk.,10 Jun 2021,7.571.107.860,Pemantauan Khusus
877,TRUK,Guna Timur Raya Tbk.,23 Mei 2018,435.000.000,Pengembangan
878,TRUS,Trust Finance Indonesia Tbk,28 Nov 2002,800.000.000,Pengembangan
879,TSPC,Tempo Scan Pacific Tbk.,17 Jun 1994,4.509.864.300,Utama
880,TUGU,Asuransi Tugu Pratama Indonesi,28 Mei 2018,3.555.575.600,Utama
881,TYRE,King Tire Indonesia Tbk.,08 Mei 2023,3.478.041.449,Pengembangan
882,UANG,Pakuan Tbk.,06 Jul 2020,1.210.000.000,Pengembangan
883,UCID,Uni-Charm Indonesia Tbk.,20 Des 2019,4.156.572.300,Utama
884,UDNG,Agro Bahari Nusantara Tbk.,31 Okt 2023,1.750.023.821,Akselerasi
885,UFOE,Damai Sejahtera Abadi Tbk.,01 Feb 2021,2.287.500.000,Pengembangan
886,ULTJ,Ultrajaya Milk Industry & Trad,02 Jul 1990,11.553.528.000,Utama
887,UNIC,Unggul Indah Cahaya Tbk.,06 Nov 1989,383.331.363,Utama
888,UNIQ,Ulima Nitra Tbk.,08 Mar 2021,3.138.983.000,Utama
889,UNIT,Nusantara Inti Corpora Tbk,18 Apr 2002,75.422.200,Pemantauan Khusus
890,UNSP,Bakrie Sumatera Plantations Tb,06 Mar 1990,2.500.162.344,Pemantauan Khusus
891,UNTD,Terang Dunia Internusa Tbk.,07 Feb 2024,6.666.666.700,Pengembangan
892,UNTR,United Tractors Tbk.,19 Sep 1989,3.730.135.136,Utama
893,UNVR,Unilever Indonesia Tbk.,11 Jan 1982,38.150.000.000,Utama
894,URBN,Urban Jakarta Propertindo Tbk.,10 Des 2018,3.232.122.640,Pengembangan
895,UVCR,Trimegah Karya Pratama Tbk.,27 Jul 2021,2.000.144.838,Pengembangan
896,VAST,Vastland Indonesia Tbk.,08 Feb 2023,3.055.710.564,Pengembangan
897,VICI,Victoria Care Indonesia Tbk.,17 Des 2020,6.708.000.000,Utama
898,VICO,Victoria Investama Tbk.,08 Jul 2013,15.217.075.658,Pengembangan
899,VINS,Victoria Insurance Tbk.,28 Sep 2015,1.460.573.616,Pengembangan
900,VISI,Satu Visi Putra Tbk.,27 Feb 2024,3.075.000.000,Pengembangan
901,VIVA,Visi Media Asia Tbk.,21 Nov 2011,16.464.270.400,Pemantauan Khusus
902,VKTR,VKTR Teknologi Mobilitas Tbk.,19 Jun 2023,43.750.000.000,Pengembangan
903,VOKS,Voksel Electric Tbk.,20 Des 1990,4.155.602.595,Pengembangan
904,VRNA,Mizuho Leasing Indonesia Tbk.,25 Jun 2008,5.687.353.997,Pengembangan
905,VTNY,Venteny Fortuna International ,15 Des 2022,6.265.193.445,Utama
906,WAPO,Wahana Pronatural Tbk.,22 Jun 2001,1.240.923.111,Pengembangan
907,WEGE,Wijaya Karya Bangunan Gedung T,30 Nov 2017,9.572.000.000,Utama
908,WEHA,WEHA Transportasi Indonesia Tb,31 Mei 2007,1.460.554.819,Pengembangan
909,WGSH,Wira Global Solusi Tbk.,06 Des 2021,1.042.500.000,Akselerasi
910,WICO,Wicaksana Overseas Internation,08 Agt 1994,2.393.710.348,Pemantauan Khusus
911,WIDI,Widiant Jaya Krenindo Tbk.,10 Jul 2023,1.600.031.683,Akselerasi
912,WIFI,Solusi Sinergi Digital Tbk.,30 Des 2020,2.359.355.118,Pengembangan
913,WIIM,Wismilak Inti Makmur Tbk.,18 Des 2012,2.099.873.760,Utama
914,WIKA,Wijaya Karya (Persero) Tbk.,29 Okt 2007,39.873.063.858,Pengembangan
915,WINE,Hatten Bali Tbk.,10 Jan 2023,2.710.000.000,Pengembangan
916,WINR,Winner Nusantara Jaya Tbk.,25 Apr 2022,5.235.289.601,Pemantauan Khusus
917,WINS,Wintermar Offshore Marine Tbk.,29 Nov 2010,4.364.837.057,Utama
918,WIRG,WIR ASIA Tbk.,04 Apr 2022,11.938.622.394,Pengembangan
919,WMPP,Widodo Makmur Perkasa Tbk.,06 Des 2021,29.419.000.000,Pemantauan Khusus
920,WMUU,Widodo Makmur Unggas Tbk.,02 Feb 2021,12.941.176.500,Pemantauan Khusus
921,WOMF,Wahana Ottomitra Multiartha Tb,13 Des 2004,3.481.481.480,Pengembangan
922,WOOD,Integra Indocabinet Tbk.,21 Jun 2017,6.437.500.000,Utama
923,WOWS,Ginting Jaya Energi Tbk.,08 Nov 2019,2.475.720.000,Pemantauan Khusus
924,WSBP,Waskita Beton Precast Tbk.,20 Sep 2016,54.555.721.325,Pemantauan Khusus
925,WSKT,Waskita Karya (Persero) Tbk.,19 Des 2012,28.806.807.016,Pemantauan Khusus
926,WTON,Wijaya Karya Beton Tbk.,08 Apr 2014,8.715.466.600,Utama
927,YELO,Yelooo Integra Datanet Tbk.,29 Okt 2018,1.912.774.405,Pemantauan Khusus
928,YPAS,Yanaprima Hastapersada Tbk,05 Mar 2008,668.000.089,Pemantauan Khusus
929,YULE,Yulie Sekuritas Indonesia Tbk.,10 Des 2004,1.785.000.000,Pengembangan
930,ZATA,Bersama Zatta Jaya Tbk.,10 Nov 2022,8.496.000.000,Pemantauan Khusus
931,ZBRA,Dosni Roha Indonesia Tbk.,01 Agt 1991,2.510.706.263,Pengembangan
932,ZINC,Kapuas Prima Coal Tbk.,16 Okt 2017,25.250.000.000,Pemantauan Khusus
933,ZONE,Mega Perintis Tbk.,12 Des 2018,870.171.478,Pengembangan
934,ZYRX,Zyrexindo Mandiri Buana Tbk.,30 Mar 2021,1.333.334.556,Pengembangan
